time,pos_x,pos_y,pos_z,roll,pitch,yaw,vel_x,vel_y,vel_z,target_x,target_y,target_z,target_yaw,cmd_vel_x,cmd_vel_y,cmd_vel_z,cmd_yaw_rate,dist_x,dist_y,dist_z
224.80000000070933,1.8797126542300804,1.8776628321854951,2.023577385478154,0.0012787157634641115,-0.0012768303678105713,-0.00029109504173503855,0.04189210757613182,0.04204621911048889,-0.0037585883401334286,2.0,2.0,2.0,0.0,0.21080851689342855,0.21350249237222899,-9.669812360697328e-05,0.00014554752086751928,-0.09178823372550242,-0.09103910929448933,-0.010066026654303657
225.0000000007103,1.9127123950162495,1.9109228078653018,2.0230641700738863,-0.0006631326462455183,0.0006242067544794802,-0.00023652069722593862,0.02733481302857399,0.02774578332901001,0.0017011940944939852,2.0,2.0,2.0,0.0,0.2,0.2,0.005168645044607496,0.00011826034861296931,-0.11908058352399933,-0.11846074616383856,-0.010867401100173429
225.20000000071124,1.9356341469060105,1.9341005114803147,2.0260953191104583,-0.003951806172927121,0.003930395951254261,-0.0002869956715838719,0.020305730402469635,0.020562471821904182,0.004206049721688032,2.0,2.0,2.0,0.0,0.2,0.2,0.00689081471705241,0.00014349783579193596,-0.1397165914361201,-0.13925520964326904,-0.011663806703268796
225.4000000007122,1.9541790567031243,1.9528155615381757,2.0298950741159145,-0.005727003542285037,0.003641277157443262,-5.935272494537543e-06,0.019306505098938942,0.020580552518367767,0.0006262112292461097,2.0,2.0,2.0,0.0,-0.2,0.0,0.016064926393521656,2.9676362472687717e-06,-0.15583483178782778,-0.15551150075211276,-0.012500785470889232
225.60000000071315,1.9675093248179005,1.9703565703242534,2.0246244079558657,0.0036368414012058394,-0.0038000176574910093,0.0008533577853661003,0.01126575656235218,0.01739615574479103,-0.01670546643435955,2.0,2.0,2.0,0.0,0.2,-0.4,0.008339605832460524,-0.00042667889268305014,-0.1678698012922624,-0.17769454631801684,-0.013564516586029425
225.8000000007141,1.9833285682630606,1.9687762209741415,2.0159070516258417,-0.005894914316909872,-0.0064151195808293485,0.00043673101546233854,0.01936185173690319,0.013082167133688927,-0.007326070684939623,2.0,2.0,2.0,0.0,0.13836681519352864,-0.30568402114462184,0.011434571395929956,-0.00021836550773116927,-0.1849070739694419,-0.17567426721406829,-0.014525762623268946
226.00000000071506,1.998031117057105,1.9735311543140794,2.0089600886964796,-0.0007223025230863964,-0.002249841150267681,-0.00038287034692011004,0.016410021111369133,0.003177226521074772,-0.004720503464341164,2.0,2.0,2.0,0.0,0.05419686185423357,-0.02076216262487741,0.023621181326485382,0.00019143517346005502,-0.18969331730778724,-0.1899752513909336,-0.01541204474061397
226.20000000071602,2.007261931030753,1.9762947615976825,2.007747986865533,0.00043121646962226474,-8.934295734172549e-05,0.0003967061015596841,0.00838765874505043,0.0034238516818732023,0.0006978298188187182,2.0,2.0,2.0,0.0,0.007863151952774757,0.0013080832182872024,0.01253154610650966,-0.00019835305077984205,-0.1924068017951404,-0.19297418712155773,-0.01616915691370367
226.40000000071697,2.0129595513232617,1.9794266873911637,2.0083106578352057,0.00030424501291398805,7.740020743588436e-05,0.0004030983007898732,0.005821704398840666,0.00423000892624259,0.0022713711950927973,2.0,2.0,2.0,0.0,0.007478984962310899,-0.00762161918217541,0.013364532060176853,-0.0002015491503949366,-0.19392260112575024,-0.19457325050991137,-0.01692760194860501
226.60000000071793,2.0174023451284393,1.983117682468189,2.009559882239967,0.0003099182441878741,0.00016438052774934555,0.0003271659828894299,0.0050057051703333855,0.0048027243465185165,0.00269788084551692,2.0,2.0,2.0,0.0,0.005098872773482017,-0.00921651667376484,0.013508966342870618,-0.00016358299144471496,-0.1947359665586188,-0.19539520505700425,-0.01769810838491894
226.80000000071888,2.0214536246714037,1.9871892641219469,2.011064328118985,0.0003198334007741256,0.00019233602614749949,0.0002423083657352228,0.0047722733579576015,0.005153130739927292,0.0029057750944048166,2.0,2.0,2.0,0.0,0.0039304851918638495,-0.010054998411967782,0.01347222703554768,-0.0001211541828676114,-0.19514597115288448,-0.1957911148357095,-0.018475833644692075
227.00000000071984,2.025399352769496,1.9914748924375523,2.0126905678116644,0.00033019773678638,0.00019907933685117598,0.00017118155739928766,0.004712569061666727,0.005327707156538963,0.0030048112384974957,2.0,2.0,2.0,0.0,0.003293301618766766,-0.010528433708872468,0.013354900807755591,-8.559077869964383e-05,-0.1953284395794678,-0.19595511187120276,-0.019253429757519255
227.2000000007208,2.0303385486748424,1.9992236720853007,2.0125813630057046,-0.0014226395091948628,-0.0012719430902738626,-0.00022995557537925553,-0.004061625339090824,0.004850615281611681,1.6835965652717277e-05,2.0,2.0,2.0,0.0,0.2,0.03537598646559187,0.020427191400592803,0.00011497778768962776,-0.20523181280113112,-0.19593411717932974,-0.020059331726163757
227.40000000072175,2.0281039540947594,2.007309724912664,2.011564008882452,0.004844051657158702,0.0034794379422135287,-0.0004294883537828066,-0.001053959014825523,0.012294950895011425,-0.002530596451833844,2.0,2.0,2.0,0.0,-0.12949184880386239,0.13206691029216844,0.024420658200501398,0.0002147441768914033,-0.19733014523928907,-0.195845974290859,-0.020856038313967026
227.6000000007227,2.0253655782165447,2.0092024664494637,2.0129896594115793,-0.009367757207608128,0.005781429807015666,-0.0002191928633994581,-0.010832156985998154,-0.006226771976798773,0.00522082531824708,2.0,2.0,2.0,0.0,0.08391127434771617,0.1466165154645837,0.009625098019701843,0.00010959643169972905,-0.1961413966471179,-0.1959012979467644,-0.021583319723592752
227.80000000072366,2.028328124486663,2.0188842643743294,2.013129312437668,0.000207692487845733,0.0015996498709856932,0.0004780137945688165,0.008573141880333424,0.00961263943463564,-0.0022384386975318193,2.0,2.0,2.0,0.0,-0.06972100993633575,0.024126634604745956,0.0224948744580123,-0.00023900689728440825,-0.19530960423110752,-0.1957185192121072,-0.022339615934648
228.0000000007246,2.030845466096569,2.0288947434106284,2.0113938030508534,0.002493352007774865,-0.003219066580523981,0.00027245259534068155,-0.004023128189146519,0.005229877308011055,-0.0006396492826752365,2.0,2.0,2.0,0.0,0.2,0.18351454113180155,0.02058952185887004,-0.00013622629767034078,-0.20581610562893446,-0.1955703633127687,-0.02310419551088016
228.20000000072557,2.033535359269244,2.033599129706781,2.0116009528047796,0.003549602463776295,-0.005632983941127944,0.0001405467707680785,0.00477744173258543,-0.0035049852449446917,0.002959098434075713,2.0,2.0,2.0,0.0,0.0,0.20121209313161698,0.012174705409159218,-7.027338538403925e-05,-0.2071443641609741,-0.20720545506636046,-0.023798993880018257
228.40000000072652,2.03396809391878,2.028759906715711,2.0126315218577164,-0.00718424522654512,-0.0022778674549319574,0.00037513977847756185,-0.007142425049096346,-0.005655852612107992,-0.0009197257459163666,2.0,2.0,2.0,0.0,0.2,0.2,0.019871007103228963,-0.00018756988923878092,-0.20791412218932925,-0.1985445432480122,-0.024482231226928577
228.60000000072748,2.0289019226358476,2.027046403248667,2.01116027339283,-0.003102223813798255,0.007656874980116806,0.0005341873957602107,-0.005186636932194233,-0.025079691782593727,-0.008149617351591587,2.0,2.0,2.0,0.0,0.2,0.30417580582361453,0.029299707653317922,-0.00026709369788010536,-0.19737596466273766,-0.19799881597662203,-0.02520889341911738
228.80000000072843,2.037629595538465,2.0203973424126698,2.009396655841094,-0.0038494885395365633,0.003080487459557609,0.0002663472843340172,0.005223140120506287,-0.0010063395602628589,0.0004821771872229874,2.0,2.0,2.0,0.0,0.0,-0.07999631579364326,0.015504671637510879,-0.0001331736421670086,-0.2074461565875258,-0.19609631205388117,-0.025895660869168006
229.0000000007294,2.0389291157434686,2.0195448854806615,2.008430460057663,-0.007545055526100007,0.004264032957324905,-0.0004655369387719157,0.00014600717986468226,0.004031436052173376,-0.0010344061302021146,2.0,2.0,2.0,0.0,0.0,-0.20253387843311252,0.019455007919598775,0.00023276846938595784,-0.20795369253301613,-0.19490605260412658,-0.026561698357287066
229.20000000073034,2.0373905949688886,2.0211093051923292,2.0076590630311193,-0.0006572559683356585,-0.005169841798921969,0.0001614988310111387,-0.007083455566316843,0.0034287809394299984,0.0036335343029350042,2.0,2.0,2.0,0.0,0.2,-0.0653255868738927,0.012858854867219688,-8.074941550556935e-05,-0.2070430334838283,-0.1941555361172542,-0.027209098273787015
229.4000000007313,2.0314268543482683,2.023502281537394,2.0063170153733063,0.0025614905448514643,-0.0010994812618866992,-0.0007333355710796444,-0.0032544247806072235,0.007686507888138294,-0.0012690543662756681,2.0,2.0,2.0,0.0,-0.2,0.0025428171317406906,0.019321580821115826,0.0003666677855398222,-0.20422932441483196,-0.1936654138410772,-0.027857297984427064
229.60000000073225,2.02120986393355,2.029414711338209,2.0061089024257783,0.0017026263296508219,0.0005245178950540887,-0.00010326175469034936,-0.010684225708246231,0.008986271917819977,0.004929838236421347,2.0,2.0,2.0,0.0,-0.011146713328503411,-0.0010412325817789232,0.011513784391283496,5.163087734517468e-05,-0.19182057672863073,-0.1932888487553591,-0.028472337557713518
229.8000000007332,2.0129248178291963,2.0303338138314952,2.00637583273413,-0.004658602123956039,0.0003905784074552128,-0.00010653512237436465,0.0007088069105520844,-0.0004724920727312565,0.0040360125713050365,2.0,2.0,2.0,0.0,-0.11448493252896644,0.0,0.011807796884574066,5.3267561187182326e-05,-0.18931232328871073,-0.20430985269260438,-0.029073131924045946
230.00000000073416,2.0115467290541944,2.0288822682492422,2.0045056068444254,-0.0002956639583744872,-0.0009274820267958485,-0.0006817530743448117,0.002513864077627659,0.0010926640825346112,0.0016139481449499726,2.0,2.0,2.0,0.0,-0.021140013019051464,-0.0312041469510774,0.017361413862748032,0.00034087653717240583,-0.18774425579937387,-0.19464958585897607,-0.02970650664787207
230.20000000073512,2.0121423731700525,2.0300875382649854,2.0062242735120877,-0.000181087186319567,-0.0005902190246407071,-0.00013764418265284765,0.0001430583361070603,0.001562213059514761,0.003856395138427615,2.0,2.0,2.0,0.0,-0.007951694327164277,-0.19787589633110905,0.009920098485826066,6.882209132642383e-05,-0.18679368826737486,-0.2021325140557339,-0.030246749643464244
230.40000000073607,2.015508336380494,2.030505261414372,2.0059272114418696,-0.003540408022382373,-0.0006870881353390672,9.671851635683104e-05,-0.005009080283343792,0.0036316842306405306,0.0029170748312026262,2.0,2.0,2.0,0.0,0.1284395576756134,-0.2,0.011524536303412235,-4.835925817841552e-05,-0.18616949459724327,-0.20320769772097305,-0.030838018463528245
230.60000000073703,2.015344074544191,2.030204086399906,2.006096027839633,0.005455741143134618,-0.0004095340213478248,-0.0004089573886362531,-0.00156319176312536,-0.007402019575238228,0.004160015843808651,2.0,2.0,2.0,0.0,0.0732471472652814,0.2,0.011936167235405684,0.00020447869431812656,-0.1858239210152081,-0.20401728084518644,-0.03140996707453442
230.80000000073798,2.0150959865856213,2.029556853918366,2.006324535248691,0.0008050125739449785,0.0005445711862166351,0.0002564632886114146,-0.0010226946324110031,0.0015231258003041148,0.006491485983133316,2.0,2.0,2.0,0.0,0.011810317950258428,0.03149304111828541,0.004830942932261242,-0.0001282316443057073,-0.1855890746863443,-0.19290253257286255,-0.0319689355713161
231.00000000073894,2.014271508719613,2.0300055284683807,2.008969247412663,0.002565120918200234,-0.0001546120606722137,0.00016809507854043796,-0.0007839431054890156,-0.0013140726368874311,0.0035885614342987537,2.0,2.0,2.0,0.0,0.008385231332945638,-0.0094823965527428,0.009923860498610791,-8.404753927021898e-05,-0.18541811766489,-0.20058226013286742,-0.032475095603639405
231.2000000007399,2.0139099482324934,2.0272893466432995,2.011547960133398,0.0003474195366643286,8.085826498311816e-05,0.00010049043927353765,-6.496014248114079e-05,-0.0015619577607139945,0.004208109341561794,2.0,2.0,2.0,0.0,0.0019478662017053583,-0.012164211763616341,0.009020477994003502,-5.0245219636768826e-05,-0.18526538218682234,-0.19090540622101662,-0.03299269814614152
231.40000000074085,2.0141108678280664,2.026834465715748,2.014231710002919,0.00037858328829981126,7.592604015581534e-05,5.6208707803403664e-05,0.0004975207848474383,0.000495139800477773,0.004233651328831911,2.0,2.0,2.0,0.0,0.000664866407135565,-0.013128167066996346,0.008883813261707181,-2.8104353901701832e-05,-0.18512233632288683,-0.1901570328933557,-0.033510324805736326
231.6000000007418,2.0146833843629133,2.027629561552185,2.0169159631781204,0.0004262393150324949,6.848976186243782e-05,3.255241971862443e-05,0.000845122616738081,0.0015024839667603374,0.004227816592901945,2.0,2.0,2.0,0.0,0.00019280391951919464,-0.013391251874336697,0.00877862656115887,-1.6276209859312214e-05,-0.18498912110423027,-0.1896755917808543,-0.03402525212973331
231.80000000074276,2.015478889338779,2.0290073353553053,2.019592208885613,0.0004519555953223209,6.221201180076453e-05,1.9449337675651255e-05,0.001043120282702148,0.0019625492859631777,0.004215134307742119,2.0,2.0,2.0,0.0,-6.232414237133692e-05,-0.013444431737073843,0.008668840663279349,-9.724668837825627e-06,-0.18486498247499508,-0.18935484499886174,-0.03453463452866265
232.0000000007437,2.0163954425656403,2.0299591408600555,2.0222189072205436,0.0006877966153501846,5.734081338381365e-05,1.1918003611973727e-05,0.0011435248889029026,-0.002484267810359597,0.003923733718693256,2.0,2.0,2.0,0.0,-0.00018127929615837708,0.3865311169775225,0.008977795122802005,-5.959001805986863e-06,-0.1847485989887931,-0.19006027135576964,-0.03503774001396602
232.20000000074467,2.0173672996402945,2.0421549278357176,2.02324861804495,0.005512343624478358,5.5749557540179326e-05,7.3982845148308905e-06,0.0011793376179412007,0.006865703035145998,0.004011141136288643,2.0,2.0,2.0,0.0,-0.00028447094721155826,0.21217426954392524,0.010563525705513204,-3.6991422574154453e-06,-0.18463855244505786,-0.20399575960471536,-0.035559129509906896
232.40000000074562,2.0183576826335172,2.044483102222627,2.02744346750454,0.00399273223112767,5.0943745503201906e-05,4.989970601942337e-06,0.0011912168702110648,-0.010123253799974918,0.004936025012284517,2.0,2.0,2.0,0.0,-0.0003195976069765146,0.22768772382913804,0.004292874481999696,-2.4949853009711685e-06,-0.18453348347305287,-0.2063543157843729,-0.03600288007525529
232.60000000074658,2.019329810394808,2.0360142757359303,2.0298833911819862,-0.0064686373656173,-0.0005736223513231784,0.00027580805588528934,0.0007506418041884899,-0.009575274772942066,0.0004824895004276186,2.0,2.0,2.0,0.0,0.006705061025143402,0.0,0.03761410466828695,-0.00013790402794264467,-0.18443273353426412,-0.20406916383949966,-0.036379167235711066
232.80000000074753,2.019599909795927,2.0307530150690885,2.025296521306431,0.004211509154020878,-0.0016627318295678129,0.00018817615254126998,0.007518262602388859,-0.011132286861538887,-0.003959120716899633,2.0,2.0,2.0,0.0,-0.06820512541009914,0.2,0.010520761041460795,-9.408807627063499e-05,-0.18433990740003392,-0.20143459185907678,-0.03699644913271442
233.00000000074849,2.019303873527078,2.0271876095037986,2.0229405765021595,-0.0009749997942157507,0.002341232546192014,-0.0001956881280534558,-0.0023108390159904957,0.00015952963440213352,0.0035214389208704233,2.0,2.0,2.0,0.0,-0.04474003168119551,-0.02381806070399485,0.002339042523998612,9.78440640267279e-05,-0.1842753076975122,-0.18879788749457094,-0.03745545353975736
233.20000000074944,2.0201050457759266,2.0286860008903926,2.021365595057689,-0.0009024829716326785,0.00012389146707372992,0.0007360784021570973,0.0024867819156497717,0.0023814989253878593,0.0022180534433573484,2.0,2.0,2.0,0.0,-0.009579226517622875,-0.00022976644379898645,0.008498734279278691,-0.00036803920107854863,-0.18416466662181685,-0.18648117079501297,-0.03789245927147484
233.4000000007504,2.022952387674444,2.0298432695546276,2.0192678977588034,0.00425143483571928,0.005412656703245855,0.0007591208409657682,0.008264406584203243,-0.0034893930424004793,-0.0068980553187429905,2.0,2.0,2.0,0.0,-0.16546612499449967,0.19449921350833815,0.025182540193329127,-0.0003795604204828841,-0.18402808156546138,-0.18579151340197245,-0.038332967780941904
233.60000000075135,2.0291360613776854,2.029054004607132,2.0193076940274564,-0.0004983932014930136,6.0631572728204844e-05,-0.00016069647206282318,0.0031369016505777836,0.00027273924206383526,0.004911954049021006,2.0,2.0,2.0,0.0,0.009658985318056928,0.005013560516050345,0.01231919170418204,8.034823603141159e-05,-0.18386300445474413,-0.1846807745466343,-0.038731630869442875
233.8000000007523,2.029287728533432,2.03231485541128,2.021351499452171,0.004574094796897163,0.00031225862893197176,-0.0002708989153075087,0.00036610226379707456,0.008190988563001156,0.0030153088737279177,2.0,2.0,2.0,0.0,-0.06490148400128465,-0.2,0.01040057020958727,0.00013544945765375435,-0.18433995098594175,-0.19410682391665304,-0.039105411656565364
234.00000000075326,2.0255951291567538,2.0321010475981702,2.0226505522948575,0.003846515820193622,0.0012687178911384611,-0.0004065338889492108,-0.0018252040026709437,-0.012376470491290092,0.000578835722990334,2.0,2.0,2.0,0.0,-0.03938972799942732,0.25526807365448895,0.01113358210182951,0.00020326694447460536,-0.18405565081713343,-0.19589025287594486,-0.039501995609440795
234.20000000075422,2.0236544029918853,2.0302498954707073,2.023077063338784,0.0067477971627887155,0.004030216130969219,-0.0007155544152012419,-0.00022970189456827939,-0.007185099646449089,0.0035222028382122517,2.0,2.0,2.0,0.0,-0.06530883072407213,0.1790444930548321,0.0097148738890969,0.0003577772076006209,-0.18382734669576856,-0.19457233086104864,-0.039919496745477095
234.40000000075517,2.025743846186417,2.0274259864219917,2.021840840269225,-0.0001230706727783837,0.0016429040429543228,-0.0009526082614173937,-7.585383718833327e-05,-0.00292370468378067,0.0012188816908746958,2.0,2.0,2.0,0.0,-0.021342874811814832,0.01895315383302553,0.016155540791932977,0.00047630413070869684,-0.1835944819839981,-0.18390143085523128,-0.04035661743190006
234.60000000075613,2.0263901535029767,2.0247197817027835,2.0238097743163954,-0.0006130710164595215,-2.16818833207234e-05,-0.0003622686005095321,6.8982376433268655e-06,-0.002776946173980832,0.003623533993959427,2.0,2.0,2.0,0.0,0.006844542303731475,0.010716391408583416,0.007694867361593903,0.00018113430025476604,-0.18345031253564129,-0.18268204320640888,-0.0407062605754524
234.80000000075708,2.0264217849548634,2.022730110327249,2.0265966573170604,-0.0005630235886210066,1.895994254571315e-05,0.0001644586148844086,2.2955378881306387e-05,-0.002130705863237381,0.004434233997017145,2.0,2.0,2.0,0.0,0.0014722226155121274,0.01463403215174006,0.006413131768148064,-8.22293074422043e-05,-0.18334532313147123,-0.18194496074200012,-0.041058148323643656
235.00000000075804,2.0265024136882546,2.021316222881341,2.0294396898447746,-0.000569920239530917,3.240988092733941e-05,0.0002896313895156122,0.0001880197087302804,-0.0015170966507866979,0.004419858101755381,2.0,2.0,2.0,0.0,0.000719833859903069,0.013499029707385972,0.006384168824614647,-0.0001448156947578061,-0.1832509778684607,-0.18147894598214895,-0.041418915805107336
235.200000000759,2.0267413431843972,2.020338634046604,2.0306065494329246,-0.0005733208767365999,3.7027772778345793e-05,0.0002702344294180685,0.00037822051672264934,-0.0010822993936017156,0.0057782563380897045,2.0,2.0,2.0,0.0,0.00014811531725002376,0.012721726855507987,0.005316135066266015,-0.00013511721470903424,-0.1831614020299257,-0.18116673825292323,-0.04954640548376701
235.40000000075995,2.02711967082293,2.0196466171076732,2.0323744162410136,-0.0005606879055865131,3.609061132151243e-05,0.00021268723481740552,0.0005192545941099524,-0.0008252969128079712,0.001585282851010561,2.0,2.0,2.0,0.0,-0.00014834618366933955,0.012667597520492475,0.003364779746211303,-0.00010634361740870276,-0.18307555140468,-0.18094342703237928,-0.04915798522777079
235.6000000007609,2.0275924100578564,2.0191189598744006,2.0325340523045514,-0.0005565451508821093,3.390998546210277e-05,0.00015515699059628752,0.0006065101479180157,-0.0006781500997021794,0.0007794277626089752,2.0,2.0,2.0,0.0,-0.00030711290316334816,0.012579204302700327,0.002100686476599475,-7.757849529814376e-05,-0.1829932450521173,-0.18077241742649758,-0.04870887704345873
235.80000000076186,2.027792470814053,2.01216026963622,2.070729945116462,0.028653144076563535,0.00345364472126853,-0.12051034222498094,0.005579805932939053,-0.05212024971842766,0.2004711627960205,2.0,-2.0,8.0,4.71,0.1144823081467314,-0.887845708450179,0.3,-0.5,-0.18292160673193153,-0.34047114311712706,0.10091255103008347
236.0000000007628,2.025688620053919,1.8601691818808999,2.2825980915522086,0.025699651043853654,0.011679195590330616,-0.5410025029421304,0.14004096388816833,-0.24831172823905945,0.2760525345802307,2.0,-2.0,8.0,4.71,0.1747483296964993,-0.2,0.3,-0.5,-0.18289497466967208,-0.4927188183917677,0.24168480838058043
236.20000000076377,2.0164577800519474,1.5851040156813663,2.5143144212478785,0.012592062030010266,0.014315912581545848,-0.899503064571403,0.2730295658111572,-0.23186415433883667,0.28685981035232544,2.0,-2.0,8.0,4.71,0.26797656368579637,-0.2,0.3,-0.33684112130409183,-0.18297405412587697,-0.5542324313342845,0.2969340682055558
236.40000000076472,2.004900331483789,1.2782548611139324,2.746342623961744,0.01037447941874165,0.014047617863872068,-1.1334271100447966,0.33175522089004517,-0.1762152910232544,0.2809651494026184,2.0,-2.0,8.0,4.71,0.3031634005092865,-0.2,0.3,-0.21987909856739485,-0.1830288452284805,-0.5631494256296083,0.30511616879076364
236.60000000076568,1.9850690438998764,0.9691731068688594,2.975060224472233,0.00824321329023665,0.010934888779894146,-1.2859692950944692,0.34257763624191284,-0.12738782167434692,0.2746535539627075,2.0,-2.0,8.0,4.71,0.4404485236346776,0.0,0.3,-0.1436080060425584,-0.18317114050462147,-0.5430560101365303,0.28801504082132007
236.80000000076663,1.9706910128250406,0.6736671792079089,3.2031768555071687,-0.0015385712529868013,0.011642187371034628,-1.3849811654906024,0.33571475744247437,-0.07498191297054291,0.2742401957511902,2.0,-2.0,8.0,4.71,0.413825194625754,-0.2,0.3,-0.09410207084449196,-0.1831036996625996,-0.5078155202818232,0.25782862098355297
237.00000000076759,1.967197580581877,0.3913404387834408,3.432919682796343,0.004866158936964884,0.009291775474665049,-1.4502702881829228,0.32220402359962463,-0.040002599358558655,0.27626797556877136,2.0,-2.0,8.0,4.71,0.48130659656855224,0.0,0.3,-0.06145750949833184,-0.1708287312545402,-0.4654977856703963,0.22114123307572067
237.20000000076854,1.9667070649817917,0.12358349810122826,3.661370989939966,-0.0012451490311283131,0.007196207947258163,-1.492206618338748,0.3105194568634033,-0.023463234305381775,0.2766765356063843,2.0,-2.0,8.0,4.71,0.37714748287185573,-0.2,0.3,-0.04048934442041929,-0.16928810248918877,-0.4205185345835655,0.18154266603348668
237.4000000007695,1.9707161550282746,-0.12512975771427604,3.888410676029998,0.010885350508619798,0.01025408202409049,-1.5193722900493467,0.295238196849823,-0.018554359674453735,0.27326101064682007,2.0,-2.0,8.0,4.71,0.2776310699706146,0.0,0.3,-0.02690650856511967,-0.17937991240510906,-0.37526966876482837,0.14110883678961966
237.60000000077045,1.966953029554902,-0.363337387346902,4.1149398612237755,-0.0019279591069048631,0.009501561023919212,-1.5379625253697253,0.2818763852119446,-0.007433488965034485,0.26599037647247314,2.0,-2.0,8.0,4.71,0.21579178105262672,0.2,0.3,-0.017611390904930246,-0.16989382556542723,-0.3311682736451389,0.1009152990626639
237.8000000007714,1.9717681576808694,-0.5867280772282736,4.340533446982287,-0.0031062550048016465,0.0054292254404582595,-1.550587018908877,0.26362287998199463,0.0004664212465286255,0.2732747197151184,2.0,-2.0,8.0,4.71,0.2383778653783591,0.2,0.3,-0.011299144135354489,-0.18064667993908698,-0.28873231269834404,0.06166080387700917
238.00000000077236,1.977623981821664,-0.791943658192926,4.570018243637208,-0.0030496568204144954,0.009567964329875124,-1.5584525456960963,0.239745631814003,0.010990872979164124,0.2797340750694275,2.0,-2.0,8.0,4.71,0.209364064935427,-0.2,0.3,-0.0073663807417450045,-0.18297464465648208,-0.2482902765641651,0.023609207504079664
238.20000000077331,1.9847455463867136,-0.983632142376037,4.801507000012079,-0.002539455532343776,0.00813474400273623,-1.5633500613352802,0.2167392075061798,0.00333501398563385,0.2790173590183258,2.0,-2.0,8.0,4.71,0.298463900910857,0.2,0.3,-0.004917622922152809,-0.18423629330046407,-0.21012263168895404,-0.013226289001477456
238.40000000077427,1.9892364337627388,-1.1657770485677046,5.032942517358879,-0.0003651893953006405,0.013197842614531283,-1.56710745571567,0.21134403347969055,0.002444848418235779,0.2774066627025604,2.0,-2.0,8.0,4.71,0.21985997009061448,0.2,0.3,-0.0030389257319582974,-0.18496267438735184,-0.17423764757462332,-0.04877982681003633
238.60000000077522,1.9949697129331392,-1.3370354964256708,5.261051169254413,0.0044070993622370444,0.0101186047010656,-1.5688782738030371,0.19628262519836426,0.008111521601676941,0.28210943937301636,2.0,-2.0,8.0,4.71,0.16091489136171275,0.0,0.3,-0.0021535166882746815,-0.1853184675158611,-0.14036918399391765,-0.08294610769265301
238.80000000077618,2.0024399099433565,-1.5002682988220943,5.493271212422557,-0.0005425364164322386,-0.00066558803939216,-1.5706753248653755,0.17744126915931702,0.0014976412057876587,0.2809333801269531,2.0,-2.0,8.0,4.71,0.1941794833967662,0.2,0.3,-0.0012549911571051453,-0.18548249630913194,-0.10427946803579294,-0.11563928924720976
239.00000000077713,2.004237496708208,-1.6287485407291404,5.727777587498601,0.004305815121520782,-0.001244924418869366,-1.571514065174527,0.13431307673454285,0.0005237385630607605,0.27941012382507324,2.0,-2.0,8.0,4.71,0.14717048857480922,0.0,0.3,-0.0008356210025297628,-0.18566027299562496,-0.05374431714900419,-0.1469910691852729
239.2000000007781,2.005244362056945,-1.7222085543135361,5.958752549267904,0.001261865005146628,0.006467444296327529,-1.5710872777137066,0.09787174314260483,0.0005065090954303741,0.2762818932533264,2.0,-2.0,8.0,4.71,0.08191608170265166,-0.2,0.3,-0.0010490147329398347,-0.18575661058707263,-0.0022042826210449855,-0.1770236597198408
239.40000000077904,2.0022488930611027,-1.7948965055034558,6.134806523409694,0.023377278990735207,0.0030854065510532718,-1.6957710174255727,0.07558589428663254,-0.017212210223078728,-0.010785519145429134,-2.0,-2.0,5.0,3.14,0.24212348871174355,-1.0,-0.3,-0.5,-0.3461326901146292,0.045043435433214624,-0.35006416863659673
239.60000000078,1.8763604158964924,-1.8491263697737945,5.963439918348482,0.022989916569969047,0.006523744425444763,-2.1145201383318444,0.1789233684539795,-0.19446662068367004,-0.266543984413147,-2.0,2.0,1.0,1.57,-0.4,-0.4,-0.3,-0.5,-0.4991695153655887,0.1511445371095707,-0.5143690790210649
239.80000000078095,1.6235182495147575,-1.7917621415282696,5.726534149401934,0.039430806084919695,-0.0031350480129787345,-2.532439611721357,0.15061011910438538,-0.36780673265457153,-0.28352877497673035,-2.0,2.0,1.0,1.57,0.3127991378457716,-0.24021164612783436,-0.3,-0.5,-0.5617203806209493,0.4029283641614477,-0.6934542496991817
240.0000000007819,1.3328346246577043,-1.5563268050587231,5.489633544600659,0.02628314753655042,0.010858042300908258,-2.9496499902586826,0.28683096170425415,-0.39362043142318726,-0.2804628312587738,-2.0,2.0,1.0,1.57,0.3301620021116032,-0.32681638519013406,-0.3,-0.5,-0.5716896350022771,0.522028782698763,-0.7668304277208421
240.20000000078286,1.03646913012304,-1.260689807087783,5.248982931155194,0.015297674505108647,0.017794455714325978,2.917123375313659,0.4248937666416168,-0.2813913822174072,-0.2928825616836548,-2.0,2.0,1.0,1.57,0.4334272330945854,-0.2,-0.31786257072320667,-0.5,-0.5524416011578298,0.5636352725390394,-0.7825468177953555
240.40000000078382,0.7514527456178861,-0.9491374496532341,5.00192053346121,0.0004079009065649741,0.01938638381341874,2.5012311362371196,0.48614639043807983,-0.09959319233894348,-0.2976580262184143,-2.0,2.0,1.0,1.57,0.5960603774068733,-0.2,-0.30827713946704827,-0.46561556811855975,-0.5177935516641633,0.5616551031336682,-0.7670759926095888
240.60000000078477,0.47944112823212665,-0.6433767927605962,4.755749797415813,-0.006840172955058845,0.019166224792881374,2.177529579721575,0.47443464398384094,0.06349267065525055,-0.2894860804080963,-2.0,2.0,1.0,1.57,0.5332565224460853,0.0,-0.3,-0.3037647898607875,-0.4759180195958206,0.5360604833372827,-0.7349833635660503
240.80000000078573,0.2147127856516486,-0.35574553791357366,4.514609128484616,-0.008003675131766242,0.014965063675631933,1.9670204730781704,0.42793527245521545,0.16005653142929077,-0.29868629574775696,-2.0,2.0,1.0,1.57,0.4413127949362182,0.2,-0.3,-0.19851023653908517,-0.4312124815344505,0.49850414647082353,-0.694572627854904
241.00000000078668,-0.04171439744203976,-0.0896114921971564,4.276388822356915,-0.007386619494963016,0.013565756473082502,1.8299578022619203,0.3747420012950897,0.21070702373981476,-0.27863502502441406,-2.0,2.0,1.0,1.57,0.3734327060239861,0.2,-0.3,-0.1299789011309601,-0.3859714056193368,0.4557079794777499,-0.6504222325861229
241.20000000078764,-0.2805120504562946,0.1597439658843172,4.043361111608607,-0.008260638325374558,0.01214840035297072,1.7403138711446118,0.3327210545539856,0.22263428568840027,-0.2818008363246918,-2.0,2.0,1.0,1.57,0.33632430329773405,0.22754110242501455,-0.3,-0.08515693557230586,-0.34141252023522795,0.4114767076481099,-0.605184479237378
241.4000000007886,-0.5023886424868601,0.39449577175029205,3.809592517938896,-0.00845823963253091,0.010823066997844825,1.681615355854916,0.3001544773578644,0.22577987611293793,-0.2787085771560669,-2.0,2.0,1.0,1.57,0.30266116577253704,0.23862262159996225,-0.3,-0.055807677927458,-0.2985092287796872,0.3676807413346606,-0.560201902741068
241.60000000078955,-0.7103052514653626,0.6153610694286029,3.576513002654449,-0.008398687785462721,0.009830025231274983,1.6431489844902152,0.27403637766838074,0.22256892919540405,-0.2789343595504761,-2.0,2.0,1.0,1.57,0.276813675587003,0.23678683889902052,-0.3,-0.03657449224510756,-0.2576748963404196,0.3252645239670371,-0.516104172843511
241.8000000007905,-0.9056445001205194,0.8232534170336062,3.3431781364418254,-0.008146966669490217,0.009019000922315968,1.6179597993322552,0.2526392340660095,0.21563148498535156,-0.2792647182941437,-2.0,2.0,1.0,1.57,0.2548323569569062,0.2309791375965786,-0.3,-0.02397989966612757,-0.21902043026495485,0.28468726873559086,-0.47324406454320356
242.00000000079146,-1.0893375450505463,1.0190307632502846,3.1095686814890735,-0.00780930917573707,0.008330571003859588,1.6014544825483321,0.2345772087574005,0.20671354234218597,-0.2795920968055725,-2.0,2.0,1.0,1.57,0.2359718144126932,0.22287874805831367,-0.3,-0.015727241274166026,-0.18253095650969176,0.24613706155810622,-0.43178441129690376
242.20000000079241,-1.2621598500433442,1.203464302634071,2.875688672559113,-0.007435910674655377,0.00773039330523347,1.5906344536147732,0.2188953012228012,0.19688671827316284,-0.27991408109664917,-2.0,2.0,1.0,1.57,0.21944520953685592,0.2135076190686812,-0.3,-0.01031722680738656,-0.14813638912674362,0.20965624607016972,-0.39180234924778623
242.40000000079337,-1.4248117907326205,1.3772504635263778,2.6415427423171005,-0.00705243543264288,0.0071953970838036126,1.5835391898388231,0.20495617389678955,0.18678392469882965,-0.28023040294647217,-2.0,2.0,1.0,1.57,0.2047052229207139,0.2035438815267248,-0.3,-0.006769594919411537,-0.11574253796476104,0.17521124165608182,-0.3533282489027676
242.60000000079432,-1.571069289081931,1.5362052526427064,2.4038650289690224,-0.0018970801572032903,0.00400879252354537,1.5791907469906465,0.16549447178840637,0.15891724824905396,-0.2860891819000244,-2.0,2.0,1.0,1.57,0.25128316985290944,-0.2,-0.3,-0.004595373495323241,-0.0719117736552428,0.1340403546623412,-0.3111050810672459
242.80000000079528,-1.6812082271726099,1.6605265296314384,2.165125619027359,0.0012541772096071144,0.003033837143345734,1.5759337451450344,0.1363660842180252,0.11489985883235931,-0.2825908362865448,-2.0,2.0,1.0,1.57,-0.2,0.0,-0.3,-0.002966872572517154,-0.019411542408498038,0.07963386600632988,-0.2576619406316932
243.00000000079623,-1.7619720922306534,1.7561740548299294,1.9305603214111604,0.005327869071464846,-0.004621360528488633,1.573776770167678,0.09656448662281036,0.07925983518362045,-0.28064924478530884,-2.0,2.0,1.0,1.57,0.2,0.2,-0.3,-0.0018883850838389282,0.02989745295485842,0.025046788944721263,-0.2004742182717232
243.2000000007972,-1.8203633835536834,1.8241891117460696,1.7005944237874522,0.0021648513236979788,-0.0033540793884358207,1.5720286334574536,0.0646364837884903,0.05863362178206444,-0.2716551423072815,-2.0,2.0,1.0,1.57,0.3191831176503933,0.26211812824355385,-0.3,-0.0010143167287267607,0.07176559374644292,-0.021830667435899787,-0.14353793510311483
243.40000000079814,-1.8619643348671753,1.874086633522719,1.4665349550878488,-0.0034616510046922688,0.0010483128849965604,1.5717377451587637,0.04949032515287399,0.03825840353965759,-0.2866673171520233,-2.0,2.0,1.0,1.57,0.2,0.2,-0.3,-0.0008688725793818408,0.10550512665749595,-0.060183802090434536,-0.08676891883463668
243.6000000007991,-1.891356213498418,1.9114736883542829,1.2285612716562904,-0.004153471160051467,0.0048237695491655155,1.5713153086073623,0.04066503420472145,0.032096706330776215,-0.28007984161376953,-2.0,2.0,1.0,1.57,0.0,-0.2,-0.3,-0.0006576543036811433,0.13161996392087852,-0.09080475806117617,-0.03172247108309723
243.80000000080005,-1.913567101857995,1.9428624337076819,0.9997042881841288,0.002613720477755762,-0.0041866808691732055,1.5689524959685213,0.03398050740361214,0.026727760210633278,-0.19351720809936523,-2.0,2.0,1.0,1.57,0.0,-0.2,2.7755575615628914e-17,0.0005237520157393982,0.1518830709039119,-0.11569306513782246,0.01723569894383789
244.000000000801,-1.929788607873301,1.9658492960858482,0.998899859686171,0.004988907498112166,-0.005815449719848769,1.570500910031234,0.02350579760968685,0.016757037490606308,0.04162464290857315,-2.0,2.0,1.0,1.57,0.0,0.2,0.022633284570448612,-0.00025045501561693495,0.16731043905153156,-0.1347832507318382,0.01003491185323057
244.20000000080196,-1.9421019285976397,1.9781778423473184,1.0149652035676373,-0.0017588752770627003,-0.004016342909394547,1.5701124261806303,0.009021441452205181,0.012312138453125954,0.012656657956540585,-2.0,2.0,1.0,1.57,0.2,0.09422257770271789,0.009654017500144057,-5.62130903151159e-05,0.1791887860776935,-0.15572363864943045,0.0067566389396507935
244.40000000080292,-1.9509222489036606,1.9847602326063354,1.0169156112497715,-0.007945276995213277,-0.003949773112506506,1.5707470558012195,0.008209963329136372,0.015711268410086632,-0.006175162270665169,-2.0,2.0,1.0,1.57,0.0,-0.28535982664903503,0.012317842725424596,-0.00037352790060973806,0.1881712353367287,-0.1626910854555847,0.005261389498172499
244.60000000080387,-1.962584630380371,1.9938878875053483,1.011011714914284,-0.0005590244767304431,0.004378709287770532,1.5694058309349008,0.01723114401102066,0.017636260017752647,-0.007750897668302059,-2.0,2.0,1.0,1.57,-0.2,-0.21763328721876293,0.005663812182719019,0.00029708453254961853,0.19656492808806778,-0.16664910542622058,0.004856612023543638
244.80000000080483,-1.9722669870969702,2.0058837228612245,1.0020373427700286,0.0006385884554842477,-0.0018309739993500156,1.5712349804730292,0.008287209086120129,0.013299750164151192,-0.010236195288598537,-2.0,2.0,1.0,1.57,0.112488232272115,-0.06220922526998541,0.0016616700342739774,-0.000617490236514584,0.2122790263237733,-0.16895604249311547,0.005132719038034556
245.00000000080578,-1.9783399763265483,2.0126642617982755,0.9960543566612186,-0.00018862217943937387,0.0003494953094748796,1.5703407169548884,0.008349385112524033,0.003374704159796238,-0.006053769960999489,-2.0,2.0,1.0,1.57,0.02595334057833137,0.007192153162680657,-0.01163738490813913,-0.00017035847744417687,0.21694010644409145,-0.17046976673025763,0.005893383643096885
245.20000000080674,-1.979545742218678,2.019535914360624,0.9889400413751741,0.0002781181190986079,0.0008973593849905797,1.5700415386916167,0.008161918260157108,-0.00013106781989336014,-0.007658463902771473,-2.0,2.0,1.0,1.57,0.028369251533128303,0.01086401598058945,-0.008638123973606597,-2.0769345808302475e-05,0.21933594645090526,-0.17145214978510842,0.006830313544000963
245.4000000008077,-1.9787098526920548,2.0263647660295954,0.981697610555167,0.0001717984698232733,0.0008882609606926036,1.5699306854251511,0.007982967421412468,-0.0015982643235474825,-0.007714537903666496,-2.0,2.0,1.0,1.57,0.028160509425514776,0.010040535717080173,-0.008750220595908496,3.465728742446661e-05,0.2204329022655514,-0.1721394820803798,0.007872329052271136
245.60000000080865,-1.9774900603253114,2.0315248096416583,0.9747134435810394,0.006082040470694656,-0.0027708734623365303,1.569903690861201,-0.0011428928701207042,-0.0037713823840022087,-0.011243194341659546,-2.0,2.0,1.0,1.57,0.13941588781439815,0.0,-0.0036579617986231576,4.8154569399549985e-05,0.2207846541335386,-0.18319254090811873,0.008969881433169347
245.8000000008096,-1.9697622692921737,2.0293030477641687,0.9662305543275231,-0.0004961087160113225,0.007055080792680509,1.570027229887363,0.0007140659727156162,-0.013680968433618546,-0.01087317056953907,-2.0,2.0,1.0,1.57,-0.07039225492967915,0.33963401533144777,0.006086503804185298,-1.3614943681461433e-05,0.21194414062672837,-0.17555564144559446,0.018738735679696215
246.00000000081056,-1.9683252667193882,2.032279635385022,0.9612842540165176,-0.005333758758988195,0.0012798584411475825,1.570061792468495,0.0050940015353262424,0.0032946572173386812,-0.003637444693595171,-2.0,2.0,1.0,1.57,-0.2,0.0,-0.004110553302344497,-3.0896234247457244e-05,0.2088003367579035,-0.18603540553984624,0.01981899973303806
246.2000000008115,-1.9694642262930357,2.0323942910453754,0.9567017043976335,-0.012018243596484122,-0.005414307303386942,1.569957252597189,-0.0037308295723050833,0.0054136281833052635,-0.008158888667821884,-2.0,2.0,1.0,1.57,0.2,0.0,0.012162062524249947,2.137370140553596e-05,0.20917727405079586,-0.18688165356505754,0.021040324087528012
246.40000000081247,-1.982247882377796,2.028524500612001,0.9527895829017465,-0.0017412597577122519,0.005779616333990452,1.5703642652550842,-0.007527204230427742,0.012871365994215012,-0.0015619935002177954,-2.0,2.0,1.0,1.57,0.21871623571641902,-0.07158208720397892,0.0012432268823643587,-0.00018213262754207538,0.21896655053537056,-0.17710378231251772,0.02216542662718377
246.60000000081342,-1.9883630443819398,2.0296219691368824,0.9506416378847043,0.00027293168805914256,0.0026121068546445855,1.5698034609106855,-0.006839229725301266,0.008137100376188755,0.00011199057917110622,-2.0,2.0,1.0,1.57,0.41156888124656493,-0.11526411894830113,-0.0023829520277735797,9.826954465730342e-05,0.21948100176888127,-0.17598806636108713,0.022922697527396733
246.80000000081438,-1.9875560242129444,2.0306681664319437,0.9513965201660296,-0.002334205016655465,0.00392703554694543,1.5694852659862635,-0.004207809455692768,0.0034688289742916822,0.004223844967782497,-2.0,2.0,1.0,1.57,-0.03559794705753824,-0.2,-0.005131594463763555,0.00025736700686829206,0.21964486447691908,-0.1845941336492227,0.023049381612615785
247.00000000081533,-1.986611752434186,2.0306147165269883,0.9497636203253385,0.00556838959659045,0.0015211039901621474,1.5703641960708523,0.004889774136245251,-0.004658396355807781,-0.0031825918704271317,-2.0,2.0,1.0,1.57,-0.19297976133381514,0.0,0.10650908151184607,-0.0001820980354261259,0.2194907476902402,-0.18487680965992112,0.023826505031865258
247.2000000008163,-1.9829122197174753,2.0314219529343838,0.9502025827814309,-0.004619345567292915,-0.00250586075789069,1.5705223974367217,-0.002632304560393095,-0.0003263114485889673,-0.0013958577765151858,-2.0,2.0,1.0,1.57,0.10877059116065063,0.0,0.0077773302513527804,-0.0002611987183608333,0.21920347680839114,-0.18506022518492013,0.024107102178050656
247.40000000081724,-1.982754608810408,2.029990696651701,0.9524663177047946,0.0010167744147509604,-0.003168345361811038,1.5699220509068363,-0.005488323979079723,-0.0010799076408147812,0.0017872685566544533,-2.0,2.0,1.0,1.57,0.33739738805413805,-0.03709905760228871,0.00019991085678275756,3.897454658186028e-05,0.21875511073952322,-0.17494559198170628,0.023963649801080233
247.6000000008182,-1.9800300588138042,2.029002130627402,0.9509273332222219,0.0014127229440936086,-0.0007689446246723835,1.5687989213283284,0.0029180734418332577,-0.0019624331034719944,0.004643221385776997,-2.0,2.0,1.0,1.57,0.04040950592813303,0.004239250191227888,-0.003906999343117366,0.0006005393358358146,0.21831498857387172,-0.17235790707847123,0.024757442693799845
247.80000000081915,-1.9789377836198667,2.029720447232867,0.9499774259319437,0.0034679959870206603,0.0006030349108178351,1.569851713760149,-0.004648033995181322,-0.003619966097176075,-0.004459231160581112,-2.0,2.0,1.0,1.57,0.3298037077995706,0.11706006136209603,0.10976792814312367,7.414311992548495e-05,0.2178129955276107,-0.17242641211796247,0.025352620901914008
248.0000000008201,-1.974446530299608,2.0317019441235518,0.9503659980344871,-0.005800858254527027,0.004907562910036131,1.5701512238971869,0.0020496705546975136,-0.004449943080544472,-0.009703229181468487,-2.0,2.0,1.0,1.57,-0.2055611408251657,0.0,0.022826013114308128,-7.561194859340148e-05,0.21737496704163295,-0.1819612949609838,0.025643638600685706
248.20000000082106,-1.9729203483014786,2.0298554461707976,0.9581458240561869,0.0019271066514744066,0.0017549937411590868,1.5704328588767347,-0.0017453775508329272,-0.002382758306339383,0.008223943412303925,-2.0,2.0,1.0,1.57,0.12851179175236527,0.07383441308081683,0.00020260484579399463,-0.00021642943836730488,0.2168580377659402,-0.1734004579828367,0.024130085298844313
248.40000000082202,-1.971797111067326,2.0294919841637173,0.9612223761034812,0.00023123214671681152,-0.0005961083640529976,1.569923110150415,0.003262854181230068,0.01947760581970215,0.0036752272862941027,-2.0,2.0,1.0,1.57,-0.04866127577017866,-0.2,-0.0012192199604687322,3.8444924792546686e-05,0.21523283237223095,-0.1716297513202419,0.023920669042049564
248.60000000082297,-1.9825795006952873,2.0302464568139635,0.9613121415793786,0.002848760376669038,-0.001986013819147995,1.5699129023110485,0.0011714717838913202,0.00703540351241827,0.005272173322737217,-2.0,2.0,1.0,1.57,-0.014956619948877592,0.0,-0.007894101366320206,4.354884447577145e-05,0.21525594431477962,-0.17921558907911023,0.0244135602429779
248.80000000082393,-1.9898566241865816,2.0301625113338617,0.9610656376858406,0.0012505809769479534,-0.0008930940284601784,1.5699558765024215,0.0040604835376143456,0.006810728460550308,0.0025315782986581326,-2.0,2.0,1.0,1.57,-0.2143240183851437,0.2,-0.004015321525689684,2.2061748789270474e-05,0.21511181735122775,-0.17869943504696806,0.02493719777855212
249.00000000082488,-1.992885603097248,2.029339401242064,0.9599432435587113,-0.0006155814047687203,-3.853524667230935e-05,1.569811389838426,0.0043848976492881775,0.0007436445448547602,-0.0006068480433896184,-2.0,2.0,1.0,1.57,-0.041391380236477614,-0.026976839932372137,0.006288791997347255,9.430508078700495e-05,0.21491492087073594,-0.1697325847157602,0.025616036509299344
249.20000000082584,-1.9949770060491332,2.02987359202069,0.9591251046975232,0.003462346426465134,0.0032259705896200137,1.5703413958589785,0.0005063720745965838,0.0038621718995273113,-0.0009927339851856232,-2.0,2.0,1.0,1.57,-0.05085713046840318,0.04868189817493537,0.004362926239770586,-0.00017069792948920526,0.21460755498340134,-0.17058191259622532,0.026144735738323006
249.4000000008268,-1.995412022701811,2.0226664019093104,0.9573261816160787,0.003220497349833551,0.0025211813978872066,1.5694843299141057,-0.011053750291466713,0.0027436078526079655,0.0021492228843271732,-2.0,2.0,1.0,1.57,-0.002871859674513085,0.07571869482642787,0.002216008483174081,0.0002578350429471854,0.21426781828598,-0.1694695310454137,0.026854662925258482
249.60000000082775,-1.9966212177069647,2.0204637651405717,0.9563879302785719,0.0005405581306830965,-3.530462056306162e-05,1.5696858395059796,0.0011908045271411538,-0.0008690430549904704,0.00019425112986937165,-2.0,2.0,1.0,1.57,-0.013481021576758546,0.022000391819727256,7.452799335418581e-05,0.00015708024701022172,0.21387864205617907,-0.16858526081082909,0.027276985732209613
249.8000000008287,-1.9948217068363838,2.022561869879833,0.95698815105197,0.0002245628372058475,-0.000246164804707367,1.569931849615569,0.003708162344992161,-0.0029125483706593513,0.002188664861023426,-2.0,2.0,1.0,1.57,-0.009803390676427617,0.01019325374938109,-0.0006124620098329389,3.407519221554356e-05,0.21352406500387056,-0.16809380638498156,0.027327844089579712
250.00000000082966,-1.9922079278539613,2.025948404868714,0.9578579198095795,0.00013287440410654272,-0.0003432014798554625,1.5699773230877616,0.004463373217731714,-0.003215609584003687,0.0020603928714990616,-2.0,2.0,1.0,1.57,-0.007904019694867963,0.007173696638646819,-0.0001756345800145231,1.1338456119225349e-05,0.21315176683814127,-0.16787031829282603,0.027336722219126502
250.2000000008306,-1.9895868438106379,2.0296356937113935,0.9587491143409209,9.906573018677112e-05,-0.00038194277117933786,1.5699945819860426,0.004555998835712671,-0.003034191904589534,0.0020874361507594585,-2.0,2.0,1.0,1.57,-0.006916878590675253,0.00569776837425368,-0.00016239599538998584,2.709006978740547e-06,0.21275914156259246,-0.16781127439038773,0.027352297142125923
250.40000000083157,-1.985313843991592,2.0294518106726245,0.9591615500975904,-0.004315224705109813,-0.0013569786216796498,1.5765422099532445,-0.003811876755207777,-0.007273166906088591,0.017552603036165237,-2.0,-2.0,5.0,3.14,-0.39218317530548324,0.0,0.21384806260626116,0.2001032524957987,0.21239666957522915,-0.23783033958740973,0.07308893725927502
250.60000000083252,-1.982494947764929,1.9571313527208947,1.1217825467091764,-0.01076913860030908,-0.033626025661244785,1.944188073646418,-0.20311589539051056,0.0772467628121376,0.27774953842163086,-2.0,-2.0,5.0,3.14,0.06043651396967413,-0.2,0.3,0.5,0.21198047308263906,-0.4375494468659659,0.2265856507598185
250.80000000083348,-1.9759464015422104,1.725991348521967,1.3559586219798274,-0.013914482525004464,-0.0165879426309492,2.3436860237664,-0.23837703466415405,0.2197767198085785,0.2830926179885864,-2.0,-2.0,5.0,3.14,-0.18321427923831662,0.2309664034281972,0.3,0.3981569881168001,0.21164560362245602,-0.5274848412102318,0.292818491614405
251.00000000083443,-1.9681635091004568,1.4376922718755079,1.5827770267352972,-0.01732197722467062,-0.007029429592924564,2.619347613863268,-0.18509674072265625,0.3096509575843811,0.28338369727134705,-2.0,-2.0,5.0,3.14,-0.2,0.26295960302979954,0.3,0.260326193068366,0.20129302759779585,-0.5530452266604003,0.3099780220995162
251.2000000008354,-1.9630900209636921,1.1354310600705444,1.8157077727915456,-0.01827311901067032,-0.0005370355451751365,2.7999788423810608,-0.1282777190208435,0.33712366223335266,0.27656373381614685,-2.0,-2.0,5.0,3.14,0.0,0.28739983071674996,0.3,0.17001057880946968,0.19725082824323162,-0.5423087207110657,0.3008830760942812
251.40000000083634,-1.9614960710416725,0.8371290858649102,2.047364100998642,-0.016791287056301136,-0.004202948863239629,2.9182188465544434,-0.0740346610546112,0.34004974365234375,0.2814459204673767,-2.0,-2.0,5.0,3.14,-0.2,0.2724662415881041,0.3,0.11089057672277836,0.19541507185824297,-0.5120711792071967,0.2778662953293224
251.6000000008373,-1.9610281750543836,0.5544363049067856,2.2775481626290643,-0.012474962422107851,0.007520545452418627,2.9882161291886145,-0.04440061002969742,0.3177945613861084,0.2507830560207367,-2.0,2.0,1.0,1.57,0.2,0.1283343422080978,0.09999999999999998,-0.12098163612622953,0.19496240917066163,-0.3902038491935109,0.1863808750774718
251.80000000083825,-1.980514797715131,0.34324346318991794,2.244883878842811,0.04023650050245032,0.016150823100369128,2.6478401991847895,-0.04770185053348541,0.11868642270565033,-0.24753324687480927,-2.0,2.0,1.0,1.57,0.2344279682351301,-0.22588870163466046,-0.3,-0.5,0.20801729235467553,-0.07112409684635093,-0.04307963127069438
252.0000000008392,-1.9850967306912266,0.36026017424776563,2.0185397157413476,0.015077926411777893,0.018924611240808374,2.274611397528987,0.08698670566082001,-0.08541179448366165,-0.2806433439254761,-2.0,2.0,1.0,1.57,0.10448210114610175,0.2,-0.3,-0.35230569876449336,0.21064443398735702,0.09992084159197206,-0.1295615042566553
252.20000000084016,-1.9793325957792103,0.5039950889296037,1.7796916894849695,0.007220568698200469,0.014034158956949695,2.0298439508163977,0.17820358276367188,-0.09529764205217361,-0.28437358140945435,-2.0,2.0,1.0,1.57,0.2241309363587564,-0.2,-0.3,-0.2299219754081988,0.21207259073802365,0.1822217580845288,-0.1506672694797808
252.40000000084112,-1.974907734608339,0.6878037844557788,1.5425743875821067,0.00879849980965062,0.01137455596162096,1.869814344631089,0.21541044116020203,-0.07912009209394455,-0.28459399938583374,-2.0,2.0,1.0,1.57,0.2341845050523717,0.2,-0.3,-0.1499071723155445,0.21264205319167387,0.21249431521743678,-0.13899974322484546
252.60000000084207,-1.9646373009668265,0.8820461622340292,1.2999080302316504,-0.0018153997525451847,0.005104164764751847,1.7669577372163734,0.22393259406089783,-0.060658954083919525,-0.2898976504802704,-2.0,2.0,1.0,1.57,0.30618535558625126,0.2,-0.3,-0.09847886860818666,0.20123565914952693,0.2134785834464328,-0.10869472326338414
252.80000000084303,-1.959554902618393,1.0728082330391666,1.0639465262591798,0.002972911379911088,0.007602024498309242,1.6987983816728585,0.224604994058609,-0.028262242674827576,-0.27964216470718384,-2.0,2.0,1.0,1.57,0.20546030170427354,-0.2,-0.3,-0.0643991908364292,0.19742902992799516,0.19857538664297048,-0.07176555749104385
253.00000000084398,-1.9593577845193586,1.2571387234839186,0.9931364409207923,0.002724929952979711,0.0033794717541990524,1.6543848825063838,0.21180960536003113,-0.017188571393489838,0.06696397811174393,-2.0,2.0,1.0,1.57,0.2896951725100543,0.2,0.0342994972664711,-0.04219244125319188,0.19634745544283447,0.17555105718069822,-0.07364178374890855
253.20000000084494,-1.9638608388420735,1.426935762603939,1.025093481658693,-0.00409618193485826,0.008510982375375072,1.6254271033860614,0.20301489531993866,-0.0007146447896957397,0.023656144738197327,-2.0,2.0,1.0,1.57,0.2,-0.2,0.005487224718275715,-0.02771355169303069,0.1977487311305821,0.14872748809162478,-0.08138846542449138
253.4000000008459,-1.9669983350544504,1.5777795584420202,1.0303582958955868,-0.001536780262057023,0.004493772437963604,1.606616482016884,0.15980277955532074,0.0004554241895675659,0.0004139746306464076,-2.0,2.0,1.0,1.57,0.0,-0.2,0.012918123743267982,-0.018308241008441972,0.1995963913318625,0.10551334870344306,-0.09335646038484481
253.60000000084685,-1.96787633273971,1.6908796655540386,1.028478833110943,0.001829538415197647,-0.0014450989795772543,1.5942325871066334,0.11985659599304199,0.0022355280816555023,-0.00649635586887598,-2.0,2.0,1.0,1.57,0.0,-0.2,0.0015069617069072326,-0.01211629355331667,0.20087783182893937,0.05285519159544404,-0.08600490156021656
253.8000000008478,-1.9685936281195162,1.7751877443577122,1.0210647931158607,-0.0032270052458617405,-0.0043595430294378415,1.5858631846061553,0.08949768543243408,0.0004782751202583313,-0.005579388700425625,-2.0,2.0,1.0,1.57,0.2,0.2,-0.015359649335670696,-0.007931592303077606,0.20207399624087832,0.0025001406166121056,-0.08627203803082542
254.00000000084876,-1.972984416291554,1.8380612875008866,1.010093720677809,0.004226069969340051,-0.005599415600335481,1.5786981419852768,0.0628456249833107,0.0016901921480894089,-0.02040058746933937,-2.0,2.0,1.0,1.57,0.2820861110678921,0.0,0.001602010453594229,-0.004349070992638371,0.2140323483874424,-0.041180541884818886,-0.08566098410264619
254.2000000008497,-1.9723299853463572,1.883261235870929,0.9966636776022103,-0.002352111817603534,-0.0009774305928323425,1.576818204453876,0.04311935976147652,-0.003694579005241394,-0.016967035830020905,-2.0,2.0,1.0,1.57,0.2276631889141076,0.2,-0.0008838295855141303,-0.003409102226938021,0.21603829630050286,-0.07649330458795266,-0.0845468245093327
254.40000000085067,-1.9752559382513852,1.9139176393408175,0.9837436813159772,0.005974270502372229,0.003596990290118621,1.5746100662895397,0.03078971989452839,0.0016258945688605309,-0.010761074721813202,-2.0,2.0,1.0,1.57,-0.03727394436301486,0.0,-0.017897508414671595,-0.002305033144769819,0.21684240207549324,-0.1035491807160445,-0.0831097143162619
254.60000000085162,-1.9710022620081236,1.9379438692829685,0.9822646056229268,0.00919818021969758,0.005922886946613766,1.5250367071779005,0.030898164957761765,-0.013672463595867157,0.10522624850273132,2.0,2.0,2.0,0.0,-0.2,-0.6000000000000001,0.3,-0.40132259485830213,0.3311832745715062,-0.1247004956814929,-0.037484853841967335
254.80000000085258,-1.873955846676133,1.9556143845573863,1.1780073955630415,0.031329682377929186,0.011090064830415766,1.115157823136215,0.12466323375701904,-0.2055395096540451,0.2646384537220001,2.0,-2.0,8.0,4.71,-0.4,-0.6000000000000001,0.3,-0.5,0.5084319108767088,-0.20326790642120493,0.046381736272119944
255.00000000085353,-1.6104996782559817,1.8883640665689698,1.4029812533667407,0.03324880707373669,-0.007441398120727592,0.695348102304334,0.13087402284145355,-0.38112518191337585,0.2788265347480774,2.0,-2.0,8.0,4.71,0.36945270131743313,-0.49202364456975567,0.3,-0.5,0.5850285231466221,-0.4248143149814216,0.22969579992888023
255.2000000008545,-1.3063461312173485,1.6689806423178377,1.6239972932959885,-0.003924543716279341,0.02975571027762977,0.41335787282811404,0.2674746811389923,-0.38099610805511475,0.2764553129673004,2.0,2.0,2.0,0.0,0.35837638534760824,0.887865077170491,0.3,-0.20667893641405702,0.6021895404399423,-0.26415428440872024,0.10610348228173097
255.40000000085544,-0.9834351046064543,1.5748248784102414,1.8579200712912065,-0.005823626787668972,0.02064356839980894,0.2704966148252723,0.3476991057395935,-0.11362256854772568,0.28452563285827637,2.0,2.0,2.0,0.0,0.39109730152954525,0.0,0.3,-0.13524830741263616,0.5861086210832079,-0.12618870864674842,-0.015892708442711033
255.6000000008564,-0.6811505831319006,1.5993217284795505,2.0198407026296916,-0.011033898955715394,0.011989245041442978,0.16939284323257053,0.35825735330581665,0.0017073135823011398,-0.01442892849445343,2.0,-2.0,8.0,4.71,0.2,-0.2,0.05410988792813043,-0.2961590625801881,0.5523912006085414,-0.14567533517149583,-0.022309542755787427
255.80000000085735,-0.40140222567648814,1.6135113131539227,2.141373632741346,0.04334283583327563,0.02067610446025462,-0.2203906100054192,0.3385881781578064,-0.02981061115860939,0.2674541175365448,2.0,-2.0,8.0,4.71,0.3576731246496275,-0.17629481624070065,0.3,-0.5,0.5102936797449258,-0.3742044976918499,0.1493235718569482
256.0000000008583,-0.17184697889941752,1.4175985190264864,2.3677972500375652,0.04350076085564801,-0.016320807693065997,-0.6397671178374316,0.32141292095184326,-0.17349010705947876,0.28288349509239197,-2.0,-2.0,5.0,3.14,-0.3252275610792858,-0.2,0.3,-0.5,0.17101766751979638,-0.4838060876985941,0.14029561588593054
256.20000000085355,-0.18920920896627902,1.1744034150788834,2.4475556805354275,-0.01320636956783181,-0.04531305465287799,-0.7629329405769816,0.0034570470452308655,-0.22427183389663696,-0.1915065199136734,-2.0,2.0,1.0,1.57,0.2,0.2,-0.3,0.4,-0.0369355309309255,-0.22734721247169426,-0.0968298418684401
256.4000000008488,-0.3458725836713016,1.1411521946396026,2.2565464070954486,0.01879125076735912,-0.005777228807020076,-0.4318268795958645,-0.20456357300281525,-0.0902349203824997,-0.05816526710987091,-2.0,-2.0,5.0,3.14,0.47740983706183115,-1.0,0.20000000000000004,2.7755575615628914e-17,-0.13933388247788,-0.24787044180875945,-0.09117317664457036
256.6000000008441,-0.535927864792012,1.0477746860054873,2.4018385466660956,0.007675418301448243,0.022949809412237863,-0.7132166348443906,-0.02817799150943756,-0.29636815190315247,0.26837649941444397,2.0,-2.0,8.0,4.71,0.7153918591546848,0.4661296352873882,0.3,-0.4299843361675979,0.005235094212383114,-0.3864607656167496,0.05344696747767405
256.80000000083936,-0.5823420803273942,0.8381314411842684,2.632906870800918,-0.012106630802773717,0.028699673779095467,-1.0130144616494559,0.2960566580295563,-0.07345549762248993,0.2825329899787903,2.0,-2.0,8.0,4.71,0.326483855721474,0.0,0.3,-0.2800854227650653,0.22031797439994008,-0.44440016660842735,0.14906825675762045
257.00000000083463,-0.4385924138629935,0.6498155485816047,2.6673510408832124,-0.045128397985121034,-0.023493518906339935,-0.8898712423304387,0.21094432473182678,0.13559061288833618,-0.21870911121368408,2.0,2.0,2.0,0.0,0.15299784325437904,0.0,-0.3,0.44493562116521934,0.3257820148055042,-0.1383796437268796,-0.08099790535055149
257.2000000008299,-0.21930624041836858,0.6828596087025168,2.4613417799108754,-0.008779435689428758,0.0202570025140839,-0.6184613102770156,0.18448330461978912,0.24627315998077393,-0.12471277266740799,2.0,-2.0,8.0,4.71,0.7128972453778254,-0.535526091177485,0.10000000000000003,-0.0562087386094578,0.365884578629352,-0.12755824434044918,-0.051197183584024517
257.4000000008252,0.021345643032571974,0.6767782745642142,2.572833855218116,0.04879710924088847,-0.004939944093472534,-0.9345044948905757,0.20237518846988678,0.08452364057302475,0.27240869402885437,-2.0,-2.0,5.0,3.14,-0.06067501046719431,-0.6000000000000001,0.3,-0.5,0.07454399925468018,-0.2867219280386659,-0.006404586578284409
257.60000000082044,0.02117286030700224,0.5490893476498332,2.651391060350962,0.008295847431611297,-0.04728346946413193,-1.0598989220914345,0.02398684248328209,-0.1598115712404251,-0.2106892317533493,-2.0,2.0,1.0,1.57,-0.55674327462929,0.2,-0.3,0.4,-0.10672018083446783,-0.06575841665623847,-0.21116079828137277
257.8000000008157,-0.13811863519819703,0.5850687689524726,2.429751887995988,-0.007318647263468062,-0.017398589556628204,-0.6497368006742337,-0.25147250294685364,-0.04162248224020004,-0.2826756536960602,-2.0,2.0,1.0,1.57,-0.42208932451971715,0.2,-0.3,0.5,-0.1942650516868338,0.07486890560135778,-0.3199752816709273
258.000000000811,-0.33059688105769675,0.6985977055122736,2.3443007906755025,0.02638569296827974,0.020505551807323382,-0.5238066343575035,-0.21813900768756866,-0.04614832252264023,0.18598027527332306,2.0,-2.0,8.0,4.71,1.0,-0.08972390504279049,0.3,-0.4,-0.07283158470106846,-0.15330775702864075,-0.1165847223483984
258.20000000080626,-0.40679425116606294,0.6635046601888042,2.4208584954858736,-0.03480980655139681,0.01996759351670208,-0.6391269509821607,0.08923603594303131,-0.025948364287614822,-0.17851522564888,2.0,2.0,2.0,0.0,-0.572727319074865,0.7592552935946828,-0.3,0.31956347549108033,0.1646440558566182,0.0003008020360433551,-0.1930537220750065
258.4000000008015,-0.28405853228778183,0.6904621247096216,2.286261361489156,-0.0009855226203898113,0.032567031458307985,-0.5671601198765783,0.14942419528961182,0.17641180753707886,0.08196192979812622,2.0,-2.0,8.0,4.71,0.6034367021897719,-1.0,0.3,-0.4195352780346918,0.2839895567315938,-0.14189016777199107,-0.04440905308749001
258.6000000007968,-0.07065225568514193,0.6444695957108946,2.4758496841509796,0.0035285894520512328,0.03004866552733243,-0.9144757957303928,0.2872547507286072,0.10770983248949051,0.27765530347824097,2.0,-2.0,8.0,4.71,0.3699330568148512,0.2,0.3,-0.3293547557245966,0.332750572583293,-0.28795459256875716,0.07837120032555381
258.80000000079207,0.15822759031596903,0.4642262863332835,2.7135139249238494,-0.005897719044071002,0.02015206051455545,-1.1443667532421913,0.347764253616333,0.15506628155708313,0.28988245129585266,2.0,-2.0,8.0,4.71,0.3323519570240511,0.2,0.3,-0.2144092769686976,0.34082179834831206,-0.3527081644649558,0.1258787835069032
259.00000000078734,0.3957448664510537,0.24067179215122345,2.953646042856736,-0.005570235367163104,0.015622629147492899,-1.2933972183357567,0.34524935483932495,0.19247858226299286,0.2891848087310791,2.0,-2.0,8.0,4.71,0.3329918672609601,0.2,0.3,-0.139894044421915,0.3265611387016393,-0.3694512697195087,0.1314432781878227
259.2000000007826,0.618028347748541,0.005166158242369544,3.191626700085805,-0.0065702257562925805,0.012684973335869695,-1.3901700778617314,0.3240206837654114,0.20041973888874054,0.2873566150665283,2.0,-2.0,8.0,4.71,0.32025679256932826,0.23269328887893706,0.3,-0.09150761465892732,0.30041287660926086,-0.35918354102477945,0.11448035237273796
259.4000000007779,0.8228227520089105,-0.22668022963965131,3.431587612840737,-0.007282795945625377,0.010887536978308604,-1.453476407290316,0.29866650700569153,0.20360122621059418,0.2897029519081116,2.0,-2.0,8.0,4.71,0.30398281209888606,0.24090490868238285,0.3,-0.05985444994463496,0.26885647248119515,-0.33437298878956434,0.0858938096923214
259.60000000077315,1.0140594586249996,-0.4480936845396631,3.672201440708253,-0.007412092886774288,0.009679168665098098,-1.4947958268653163,0.274755597114563,0.20200486481189728,0.2899836301803589,2.0,-2.0,8.0,4.71,0.2850762453878198,0.23873713569893676,0.3,-0.039194740157134866,0.23542688419159377,-0.3023492880109401,0.0515380625869429
259.8000000007684,1.1936454996421406,-0.6572797910784679,3.913013974780782,-0.007265485579264206,0.008796443829139371,-1.5218180791478668,0.2537073493003845,0.1968390792608261,0.2902049422264099,2.0,-2.0,8.0,4.71,0.2666222682278182,0.2335122430439007,0.3,-0.025683614015859835,0.20193415143198717,-0.2673180682389653,0.014707964353836573
260.0000000007637,1.3626328424170904,-0.8542519187221665,4.154006668484612,-0.0069990510448821675,0.008095875541258495,-1.5395091355497559,0.23545314371585846,0.1895046830177307,0.290416419506073,2.0,-2.0,8.0,4.71,0.2493805116691745,0.22612187472189346,0.3,-0.016838085814915082,0.16929303048311348,-0.23161692411440543,-0.022775283934406036
260.20000000075896,1.520151311906952,-1.040856793514972,4.395329510157283,-0.003971815861788481,0.007675563737654887,-1.5510639669072224,0.22539344429969788,0.17208044230937958,0.29299497604370117,2.0,-2.0,8.0,4.71,0.2,0.2,0.3,-0.011060670136181727,0.13172922624767225,-0.19652080131563324,-0.059916194603055334
260.40000000075423,1.6504737205251712,-1.2152063322899553,4.636291847836159,-0.003203405723100395,0.009194735569828649,-1.5587941144731743,0.20216576755046844,0.13443824648857117,0.28888383507728577,2.0,-2.0,8.0,4.71,0.2057153023539484,0.2,0.3,-0.007195596353206213,0.07790151093971381,-0.16255627466990316,-0.09620955107857915
260.6000000007495,1.7512475065409072,-1.377231234349244,4.874618781630941,-0.0025867876562047473,0.010364771057582916,-1.5638901803657839,0.1972561776638031,0.09975659847259521,0.28838640451431274,2.0,-2.0,8.0,4.71,0.2,0.2,0.3,-0.004647563406900979,0.02254093080442886,-0.13020407630470013,-0.13128426488295203
260.8000000007448,1.8228790329417806,-1.5339757529317741,5.117191656344343,-0.0054182109269773765,0.001750188341408497,-1.5679010962563398,0.15871281921863556,0.0764315277338028,0.2785593271255493,2.0,-2.0,8.0,4.71,0.2931683158953506,-0.2,0.3,-0.0026421054616232453,-0.025478930958441948,-0.09145086201940408,-0.1649947223020045
261.00000000074004,1.874104191165462,-1.6539504091433486,5.356236428929136,-0.0021231830633335414,0.0034848973819865577,-1.5692214663758919,0.13169987499713898,0.05208145081996918,0.2983367443084717,2.0,-2.0,8.0,4.71,0.0,-0.2,0.3,-0.0019819204018469705,-0.06453301794991659,-0.03998615651317192,-0.19729569599013883
261.2000000007353,1.9080536511646642,-1.7439534434564508,5.5969851112977835,0.005144586961784469,0.0025388679232544436,-1.5702197451747222,0.09386349469423294,0.033610619604587555,0.29066044092178345,2.0,-2.0,8.0,4.71,-0.2,0.0,0.3,-0.001482781002431821,-0.09414623162288473,0.011486993573299725,-0.22821459402190253
261.4000000007306,1.9296404335055437,-1.8085666164512146,5.838391401054057,0.0033289887089911893,-0.0037380115722550284,-1.5713362988279058,0.06566016376018524,0.024930672720074654,0.29194557666778564,2.0,-2.0,8.0,4.71,0.2,0.2,0.3,-0.0009245041758401129,-0.11569575752078222,0.0559690353461827,-0.25772328289771734
261.60000000072586,1.9484035333942777,-1.8562672996755534,6.081644383549917,0.0016123049694358744,-0.0011166242541282892,-1.5717648349605695,0.04606841132044792,0.014566928148269653,0.2899784743785858,2.0,-2.0,8.0,4.71,0.25381366954503665,0.2,0.3,-0.0007102361095085996,-0.13287342041477687,0.09259423450679306,-0.28585069667605345
261.8000000007211,1.9620133795110872,-1.888416243538721,6.3257846619845886,0.005340270654379586,0.005501321363835709,-1.5779731481824717,0.02864968031644821,0.005090262740850449,0.2583991289138794,-2.0,-2.0,5.0,3.14,0.2,-0.2,0.09999999999999998,-0.2004685641253195,-0.20851292309043684,0.12084493975237715,-0.36722293624065255
262.0000000007164,1.903155925167755,-1.908425860438157,6.295727790697499,0.0510644777106224,-0.008926825692734838,-1.946373280708665,0.055908359587192535,-0.19101545214653015,-0.24233362078666687,-2.0,2.0,1.0,1.57,-0.8,-0.24382293708788363,-0.3,-0.5,-0.42717003480079235,0.28941270785993556,-0.6394397431327687
262.20000000071167,1.6766247485936248,-1.779559345968472,6.073193797298016,0.03698608596938694,-0.003324758603124879,-2.3654837155488013,0.03230808675289154,-0.4123629331588745,-0.2777736186981201,-2.0,2.0,1.0,1.57,0.2,-0.38286875147130894,-0.3,-0.5,-0.5280065233375436,0.47880825248625153,-0.8145845106772911
262.40000000070694,1.3907600612741475,-1.513712163081204,5.837339765350295,0.02727123757946127,0.008090138228579223,-2.7828121762710696,0.21484558284282684,-0.45791077613830566,-0.29442545771598816,-2.0,2.0,1.0,1.57,0.22350794883501907,-0.35222814953028847,-0.33680124070348405,-0.5,-0.5597551644600116,0.5613569896225419,-0.8846365780134346
262.6000000007022,1.0922318190289095,-1.204536241007896,5.579907209393863,0.01837319442053391,0.015246013022991459,3.083388579891314,0.3745861351490021,-0.3597135543823242,-0.3120785355567932,-2.0,2.0,1.0,1.57,0.4237693231009707,-0.25994889604141513,-0.3475919434126471,-0.5,-0.5524135332215755,0.5820463250101642,-0.897073263319691
262.8000000006975,0.8054746954494758,-0.8866257315388885,5.316143125431344,0.012434201644418228,0.019703308822216697,2.6663687107261165,0.4712696671485901,-0.18887817859649658,-0.3159645199775696,-2.0,2.0,1.0,1.57,0.4933190067515284,0.0,-0.34380243618207174,-0.5,-0.5241066669753203,0.5682634664215921,-0.877868514140892
263.00000000069275,0.5338102898100896,-0.5776540668991992,5.0515490811108,0.0045236279426980625,0.01572179105344227,2.2901052393960333,0.48554810881614685,0.005294144153594971,-0.30961981415748596,-2.0,2.0,1.0,1.57,0.4822093743752595,0.0,-0.3307026617922713,-0.3600526196980166,-0.4854946397697141,0.5361172848396634,-0.8418615702621587
263.200000000688,0.2748636865428984,-0.2912092901216786,4.795446004765396,-0.008074509401415977,0.017169917953689582,2.0406493258548073,0.43336811661720276,0.1275932490825653,-0.3037087023258209,-2.0,2.0,1.0,1.57,0.445383082115764,0.2,-0.3068715128436152,-0.23532466292740362,-0.4423825156576672,0.4949952208563136,-0.7974323337291871
263.4000000006833,0.01783707271854454,-0.02900704079639684,4.551708686380834,-0.006905548155415048,0.014956880011587698,1.8777863136320962,0.38054221868515015,0.19645348191261292,-0.2850077450275421,-2.0,2.0,1.0,1.57,0.4098868425185529,0.2,-0.3063981466402118,-0.1538931568160481,-0.3979934103483759,0.45045575594219284,-0.7494217373455413
263.60000000067856,-0.2228356014606018,0.2168491333859029,4.317170018470894,-0.0076412485662648594,0.013126204413758506,1.7712515840685963,0.3358745276927948,0.21403208374977112,-0.2758922278881073,-2.0,2.0,1.0,1.57,0.37306132111327617,0.24560741843428874,-0.3,-0.10062579203429811,-0.3536706453855793,0.4055306193443701,-0.7006217502328468
263.80000000067383,-0.4451121583043669,0.4482661078333926,4.087070624490499,-0.008203287024735365,0.01183994209928424,1.7020096744963997,0.30030354857444763,0.22025249898433685,-0.27513572573661804,-2.0,2.0,1.0,1.57,0.34195019516470115,0.2520149489900113,-0.3,-0.06600483724819983,-0.3106481265765114,0.36159114306088075,-0.6524487841034082
264.0000000006691,-0.653012775469577,0.6653856742256302,3.856889270962426,-0.008273335588724276,0.010794277383516293,1.656598266317036,0.27205827832221985,0.21921180188655853,-0.27550238370895386,-2.0,2.0,1.0,1.57,0.31540293213957715,0.2507738501972844,-0.3,-0.043299133158517966,-0.26954569510123255,0.319324481593176,-0.6054986968846405
264.2000000006644,-0.848341002356244,0.8691738273625295,3.6263881124262722,-0.008086179048783861,0.009957956130697188,1.6268126790635737,0.24926432967185974,0.21371567249298096,-0.27588969469070435,-2.0,2.0,1.0,1.57,0.29292726926898205,0.24549801169823157,-0.3,-0.02840633953178684,-0.23055511498319203,0.2790607408068747,-0.5599725518343568
264.40000000065965,-1.0321297135269387,1.0606708299453196,3.3955666372896913,-0.007780844062099034,0.009263004631220975,1.6072740676596164,0.2303970605134964,0.2057117521762848,-0.2762710154056549,-2.0,2.0,1.0,1.57,0.2735893601825161,0.23770319895139957,-0.3,-0.01863703382980819,-0.19369477557980988,0.24091402723465588,-0.5159637711460363
264.6000000006549,-1.2051455670603826,1.240809643457816,3.1644300986102376,-0.007424416957304182,0.00866480148642861,1.5944562316777735,0.21432308852672577,0.19644677639007568,-0.2766459584236145,-2.0,2.0,1.0,1.57,0.2566883846921307,0.2284541212660175,-0.3,-0.012228115838886722,-0.15891058051695092,0.20488022499849828,-0.47351124936591515
264.8000000006502,-1.3680561823255029,1.4103955150653358,2.932983939461341,-0.0070503379812309535,0.008135992377326382,1.5860469128438528,0.2002580165863037,0.18668107688426971,-0.2770143151283264,-2.0,2.0,1.0,1.57,0.24166421481676256,0.2184722376887518,-0.3,-0.008023456421926367,-0.12611768473388144,0.17089562064240524,-0.43262402271337613
265.00000000064546,-1.5184137144408982,1.5648052280259648,2.6996369848692874,0.004128507340542579,0.004095693951236926,1.5805431167586537,0.17088806629180908,0.15410545468330383,-0.28203344345092773,-2.0,2.0,1.0,1.57,0.2,0.4,-0.3,-0.005271558379326802,-0.09002286805940964,0.12577394967426053,-0.3933176242191141
265.2000000006407,-1.6332096366141409,1.6897843428345498,2.4647790388066064,-0.0005315451692334133,-0.004010516018418164,1.577229024144466,0.12359757721424103,0.11587093770503998,-0.28380149602890015,-2.0,2.0,1.0,1.57,0.3223747685014568,0.3109692127948652,-0.3,-0.003614512072232956,-0.04178520925119908,0.0681837850100397,-0.35354501479199946
265.400000000636,-1.7214958561615608,1.7773428819452566,2.2311302103785,-0.00031566506474391663,0.0009534553015165254,1.5750374375728202,0.08877280354499817,0.08868580311536789,-0.28353577852249146,-2.0,2.0,1.0,1.57,0.2,0.22941261149791117,-0.3,-0.002518718786410079,0.008067929139475757,0.015101748423256895,-0.3027530883389899
265.60000000063127,-1.7882243788156051,1.84151975713237,1.9980132768633847,-0.004121996399105081,0.002113002890629116,1.5733205718669965,0.060075510293245316,0.0683395266532898,-0.28636205196380615,-2.0,2.0,1.0,1.57,0.2,0.2,-0.3,-0.0016602859334982067,0.05296465724791058,-0.030252320232058184,-0.24581653825409322
265.80000000062654,-1.8378920840680626,1.8841609448567012,1.7615389118908245,-0.001889310992927042,0.005798427903969662,1.5724661286608246,0.04079842567443848,0.05104135349392891,-0.2880135178565979,-2.0,2.0,1.0,1.57,0.0,-0.2,-0.3,-0.001233064330412259,0.09061750967011872,-0.06557614442453018,-0.18646279265793372
266.0000000006218,-1.8763405941072941,1.9139147295823042,1.5247158141925548,0.005213201937625539,-0.0005083298094162657,1.5713602229483512,0.03462919965386391,0.03904734179377556,-0.28133153915405273,-2.0,2.0,1.0,1.57,-0.2,0.2,-0.3,-0.0006801114741755709,0.12129498918276495,-0.09251153491577303,-0.12812074597768422
266.2000000006171,-1.903339032791314,1.937053821751732,1.2891903964549438,-0.0011710053470444656,-0.004120552579381856,1.5706301521679957,0.025460034608840942,0.023266473785042763,-0.2802726626396179,-2.0,2.0,1.0,1.57,0.2,0.2,-0.3,-0.00031507608399783393,0.1450702971512517,-0.11347284990939123,-0.07248752178552707
266.40000000061235,-1.9227884285291101,1.9570605104576484,1.0534576017687574,-0.005300431786041013,-0.004471965357541446,1.570289712395335,0.013108355924487114,0.02263752371072769,-0.2805338501930237,-2.0,2.0,1.0,1.57,0.3223108921420749,0.0,-0.3,-0.0001448561976674645,0.1631803121029322,-0.13046444525165785,-0.019902735042970764
266.6000000006076,-1.9362007364442142,1.966613936202092,0.978487801389022,-0.0034814726521450096,0.005561644562948948,1.570826102365889,0.008703435771167278,0.014191661961376667,0.09772560000419617,-2.0,2.0,1.0,1.57,0.2,-0.2,0.11124248073933615,-0.000413051182944435,0.17674177311532593,-0.141864316049207,-0.013909810060789916
266.8000000006029,-1.948184974516974,1.977778708472539,1.0376324362443068,0.005280569970464667,0.00034972689327722163,1.5699224447822826,0.011100579053163528,0.01439229678362608,0.04337795823812485,-2.0,2.0,1.0,1.57,-0.2,0.10649782277027386,0.038621690993883635,3.877760885873105e-05,0.18740130572053432,-0.15956533141954668,-0.02671356646556232
267.00000000059816,-1.9584557172569903,1.984077872579185,1.0351834669763778,0.002449180121966462,0.001735809418361982,1.5700207689902028,0.0008428560104221106,0.008094004355370998,-0.01445834245532751,-2.0,2.0,1.0,1.57,0.2,0.19038315719973425,0.053132336452481096,-1.0384495101378732e-05,0.19603953224759174,-0.1648505636426557,-0.02656946713024816
267.20000000059343,-1.9674232272422814,1.9879682307179642,1.0293281251730124,0.0015630507839725293,-0.003742546854515178,1.5693650894833842,0.002188410609960556,-8.175999391824007e-05,-0.008091820403933525,-2.0,2.0,1.0,1.57,0.2,0.34069496833102997,0.042392313439522274,0.0003174552583079526,0.20313541202040897,-0.16796560843824784,-0.016562257071040948
267.4000000005887,-1.969236375440971,1.989068721964399,1.027130496162479,0.0015243164278623158,0.00317660624402791,1.5699703201984014,-0.0009435983374714851,-0.014232312329113483,-0.005306265316903591,-2.0,2.0,1.0,1.57,-0.14196079277714863,0.5062925391014965,-0.006532760808827667,1.4839900799312744e-05,0.20845494807573317,-0.1698978722675205,-0.016956786062507757
267.600000000584,-1.9684721463559292,1.9893838058099889,1.017865970945179,-0.006345170626636117,-0.0013491655230007844,1.5694032293555644,0.0009635642636567354,0.0003092581464443356,-0.011614339426159859,-2.0,2.0,1.0,1.57,0.2,0.05430111587170533,0.0005632350677833246,0.0002983853222178201,0.20944078354781712,-0.1711171756956893,-0.0165714284294011
267.80000000057925,-1.9678831458284054,1.9942581233250276,1.0080459503515586,-0.003947114691383075,0.003914919356702586,1.5701700997648655,0.006362627260386944,-0.0029870853759348392,-0.009594226256012917,-2.0,2.0,1.0,1.57,0.0,-0.055312840996500065,-0.011847363761255891,-8.50498824327417e-05,0.21100138717400843,-0.17185322831129696,-0.01564057407325871
268.0000000005745,-1.9691405689273345,2.001362464701364,0.9970088200801509,-0.0030462862012647857,-0.0020354178017168993,1.5701840607942688,0.008446875028312206,0.004113723058253527,-0.010437721386551857,-2.0,2.0,1.0,1.57,0.2,-0.07510147633645856,-0.014879959950368579,-9.203039713434613e-05,0.2116489666464765,-0.17236073914464328,-0.014431429791052537
268.2000000005698,-1.9678579225358912,2.014066939241247,0.9849941406248766,-0.006635879285187658,0.0027690792510894793,1.5698279600332095,0.014586744830012321,-0.003487921319901943,-0.013267474249005318,-2.0,2.0,1.0,1.57,0.0,-0.03872258561418651,-0.006381397759300781,8.601998339530237e-05,0.213132957702056,-0.1726829997293413,-0.013082938587732093
268.40000000056506,-1.9684335414120142,2.025284390344887,0.9746637542900948,-0.0012477060813808252,-0.003981692368647928,1.5703194725035963,0.01267562247812748,0.004847835749387741,-0.01373092271387577,-2.0,2.0,1.0,1.57,0.0,-0.10104576855665347,-0.005201818387660436,-0.0001597362517981038,0.2127694313065413,-0.17303001128870635,-0.011628333960938543
268.6000000005603,-1.9692238633656158,2.0297911890290625,0.965616488934124,0.0022537008308394705,-0.0008621381291762977,1.5705233903283484,-0.015409688465297222,-0.0033749090507626534,-0.00852913036942482,-2.0,2.0,1.0,1.57,0.6000000000000001,0.2297602933246456,-0.004037992486993398,-0.0002616951641741805,0.21302082797500516,-0.1749730247173157,-0.0015669473067255594
268.8000000005556,-1.9699575357405492,2.031436041335068,0.9593777319948389,0.004305850966779513,-0.005613122182478445,1.5701864185342507,-0.007870379835367203,-0.010875390842556953,-0.003578928764909506,-2.0,2.0,1.0,1.57,0.35172635358784987,0.43889894956507847,-0.010394172926678566,-9.320926712530486e-05,0.2146860146452124,-0.1850048058960475,0.00029195796040361435
269.00000000055087,-1.9655930205107457,2.0404630738793834,0.9538947059099062,-0.0016382279658150418,-0.006577534131180926,1.5698538057793399,0.023740673437714577,-0.005002153106033802,-0.0038341889157891273,-2.0,2.0,1.0,1.57,-0.2,0.2,-0.0024267621320322574,7.309711033010036e-05,0.2129839086525477,-0.18862682100414357,0.002101826438060268
269.20000000054614,-1.9652637090284177,2.044617867453938,0.9501068072356268,-0.004743362097963706,-0.004206597572521338,1.5694685168866342,-0.003420779947191477,-0.0010627207811921835,0.013394204899668694,-2.0,2.0,1.0,1.57,0.2,0.0,-0.0011799467951467135,0.000265741556682908,0.2127535830696527,-0.1918269415072858,0.0035347870504463304
269.4000000005414,-1.9671140477411249,2.0416462647849016,0.9524271815305819,0.0018091186025575754,0.0017098134631949246,1.5703107167032564,-0.008728837594389915,0.007397870998829603,-0.005084609147161245,-2.0,2.0,1.0,1.57,0.2,-0.2,0.00503616498689425,-0.00015535835162816536,0.21348265942261438,-0.1916740012853635,0.0035621659049239573
269.6000000005367,-1.9695976219015348,2.0371109067802515,0.9500042179076309,0.0013762361885825373,0.00802443890445475,1.5694762390349155,-0.006174370646476746,0.0022444752976298332,-0.007534326054155827,-2.0,2.0,1.0,1.57,0.0,0.2,0.0034618030617577147,0.00026188048254227603,0.21476745209046944,-0.19005147931982702,0.004890729357520371
269.80000000053195,-1.9746531009445845,2.0325716775949276,0.9631251836965881,0.004515083063709919,0.003314116677608823,1.568931814131045,-0.005458417814224958,0.0031224889680743217,0.008904088288545609,-2.0,2.0,1.0,1.57,-0.15245690297937126,0.2,3.1357079290448425e-05,0.0005340929344774814,0.22611515857653916,-0.18780457044278262,0.0025180043862345317
270.0000000005272,-1.9754830224570878,2.0287325019774496,0.9632619367000269,-0.00340586934425112,0.0008937369799245666,1.569829057417268,0.00116120430175215,0.004487498663365841,-0.003089394886046648,-2.0,2.0,1.0,1.57,-0.11639969350210383,-0.09628662040330964,0.00427997987566398,8.547129136604603e-05,0.22783149887668405,-0.17603998200597556,0.0035859141557826476
270.2000000005225,-1.9763053348114707,2.030118195994358,0.9616825224381549,-0.000475147283331777,-0.0033020350902943072,1.5704297484752667,-0.0030773868784308434,-0.0005853545153513551,-0.000858185812830925,-2.0,2.0,1.0,1.57,0.09779833719584377,-0.2,-0.006202112527017139,-0.00021487423763333346,0.22845723540370425,-0.18282998074539658,0.004939454903025471
270.40000000051776,-1.9701274920030223,2.028091562698155,0.9567189797011015,1.2050993261161895e-05,-0.0004569388587963497,1.570633141041306,0.0040086787194013596,-0.00577884167432785,0.003493440803140402,-2.0,2.0,1.0,1.57,-0.015963030604989544,-0.006295515945219477,-0.010222866392569047,-0.0003165705206529257,0.22860409070572332,-0.172078896511094,0.006982683500777523
270.60000000051303,-1.9698685610427058,2.0331924597689075,0.9542954843004563,0.006238792436472309,-0.004839355902861029,1.570828231541122,0.0037416466511785984,-0.0075460453517735004,-0.0032857791520655155,-2.0,2.0,1.0,1.57,0.16352570140501466,0.2,-0.003668415111565055,-0.00041411577056094107,0.21814980437922238,-0.18181519159756765,0.00824931118050131
270.8000000005083,-1.963190761388577,2.0342715150219974,0.9529935969082981,0.004571588584614372,0.0022648806920831845,1.5702773660401037,-0.0030013862997293472,-0.0016822004690766335,0.004785272292792797,-2.0,2.0,1.0,1.57,0.2,0.0,-0.011855731695164698,-0.00013868302005182187,0.21405445365090706,-0.18355987741472843,0.009160200598292416
271.0000000005036,-1.9603202770954375,2.0328386548346176,0.9528794103883675,0.004845964520276639,0.0040549247906026846,1.5702117378274303,-0.001199826248921454,-0.004571113735437393,0.0020821206271648407,-2.0,2.0,1.0,1.57,-0.2,0.2,-0.014838753405765157,-0.00010586891371511253,0.2119662332886821,-0.1836240880515932,0.009761538663285304
271.20000000049885,-1.9611513576363706,2.0307284431224812,0.9517803952047501,0.0016900988748733763,-0.001846132472061702,1.569926737386982,0.0007593461778014898,0.0008636901620775461,-0.0032371855340898037,-2.0,2.0,1.0,1.57,-0.2,0.2015631067242788,0.0016236684562110039,3.6631306508994044e-05,0.21172434730264486,-0.18272943088480387,0.010617281829026048
271.4000000004941,-1.9637242196923053,2.028859866818802,0.9510207988190711,-0.007576096082234186,0.003956094318827841,1.5701603305140588,-0.0007753358222544193,0.006245598196983337,0.026900164783000946,-2.0,2.0,1.0,1.57,0.2,-0.1674232068320543,0.002668284372940158,-8.016525702936317e-05,0.21279791979018,-0.17122799477339734,0.011342156303836592
271.6000000004894,-1.9717529252148793,2.025260817094965,0.951415934353475,0.005767190737272667,-0.001610510576734651,1.56940934300047,-0.020149540156126022,0.011234771460294724,-0.007403980940580368,-2.0,2.0,1.0,1.57,0.17035583178637828,-0.15581657596750814,0.00929181873010656,0.00029532849976499076,0.22456068162424678,-0.17008310048591185,0.011827761627131079
271.80000000048466,-1.9745230397652276,2.0171244604821754,0.9533397787005919,0.001105433410369588,0.0018309759367082315,1.5694516039971649,-0.005566938780248165,0.000692225294187665,0.0008372397278435528,-2.0,2.0,1.0,1.57,0.0005536615539713319,0.026600847987634884,-0.0049702178541546575,0.00027419800141759154,0.22758360490776525,-0.16873226541643718,0.011902577386909901
272.00000000047993,-1.9722033507251426,2.014825668847676,0.9521691530822348,0.0004823344946482484,0.0009008546144918046,1.5700374205752188,-0.0008361736545339227,-0.004652164876461029,-1.0109574759553652e-05,-2.0,2.0,1.0,1.57,0.02639086232542399,0.020359792416648592,-0.004399497332921954,-1.871028760935811e-05,0.2290091302626766,-0.1679518418896559,0.012726481325402182
272.2000000004752,-1.9689717508423354,2.0154598865504734,0.9516803275434959,-0.0029948788306260092,-0.0059470310263057685,1.5701967848294351,-0.0009254190954379737,0.002061042934656143,-0.0034285648725926876,-2.0,2.0,1.0,1.57,0.0,-0.10487668370720973,0.0023630375900011436,-9.839241471754079e-05,0.21916023277395832,-0.16753830647618945,0.013324143584150927
272.40000000047047,-1.9699790519649416,2.016200831814499,0.9512562023159779,-0.0017903255927770412,-0.004659075468859407,1.5706866232683918,0.0063054608181118965,0.0036831721663475037,0.012514138594269753,-2.0,2.0,1.0,1.57,0.0,-0.10246214604928228,-0.035594036416594074,-0.0003433116341958753,0.2182801053608435,-0.1673653349826515,0.013835944594990109
272.60000000046574,-1.9699671464183943,2.017689067412073,0.9505472086906702,-0.004535430601118294,0.00018831296568150836,1.5697869720101447,0.003364565083757043,0.004243692383170128,-0.005028366111218929,-2.0,2.0,1.0,1.57,-0.2,-0.10954425513190458,0.017491970289997036,0.00010651399492767055,0.21849302702261375,-0.16733816234755863,0.014446676528649003
272.800000000461,-1.972163520039744,2.0146974742024057,0.9533202036853785,0.0026057477338853764,0.0009790756846463095,1.5713877061748007,-0.005052102264016867,-0.0023903707042336464,0.06156519427895546,-2.0,2.0,1.0,1.57,0.030706035472664345,0.023068248936113957,0.09015037356014563,-0.0006938530874003312,0.22820488088986188,-0.16747651765355825,0.014110876331248278
273.0000000004563,-1.9691691206524766,2.0160522928636904,0.9653956912594863,-0.001731728970280921,0.0023334045295732805,1.5702996356053278,0.005897897761315107,-0.00375353149138391,0.007580168545246124,-2.0,2.0,1.0,1.57,-0.2,0.028957332864941676,-0.00679728590295635,-0.00014981780266387634,0.21893864335716062,-0.1675291116556271,0.011845174287651737
273.20000000045155,-1.9663188887530878,2.0201877543685365,0.9644783347655997,-0.001720761579388879,0.004081096118830905,1.5696458511700526,0.005800819490104914,0.006266994401812553,-0.001971373800188303,-2.0,2.0,1.0,1.57,0.0,-0.2089091722937863,0.010610928605109322,0.00017707441497372134,0.21594952392264133,-0.1675807769065966,0.012836666544831678
273.4000000004468,-1.970068416257198,2.024266437883386,0.9630687551507815,-0.0016568120584832288,-0.005326787389319011,1.570038899028225,-8.476525545120239e-05,0.011863194406032562,-0.0065493034198880196,-2.0,2.0,1.0,1.57,0.15876243062390374,-0.3831545931511186,0.013376560606211679,-1.9449514112479527e-05,0.224855442304796,-0.16767969717827985,0.013772589953365569
273.6000000004421,-1.9722828986610377,2.027441010450944,0.9609795653791744,0.0019639089158213986,-0.00022430462345488707,1.5693524930443647,0.004832335747778416,-0.00220812251791358,-0.007978769950568676,-2.0,2.0,1.0,1.57,0.023399076752885942,0.012940151849587647,0.013605106479198416,0.0003237534778176565,0.2270005642893732,-0.16780332209195445,0.01474201880370192
273.80000000043736,-1.9686283286153896,2.0304734333095618,0.9595578221420996,-0.001319182606952605,0.004399558091343294,1.5700050869131068,0.008152064867317677,-0.002339859725907445,0.0011632349342107773,-2.0,2.0,1.0,1.57,-0.2,-0.19448661170351686,-0.008043370967652796,-2.543456553372181e-06,0.21780820685587138,-0.17691507882812563,0.01543946407149124
274.00000000043264,-1.96869242535617,2.0328635821265473,0.9611374091810799,0.005538783588002323,-0.000687859642944966,1.5696709724619198,0.0008016627398319542,-0.002372556831687689,-0.0009723113034851849,-2.0,2.0,1.0,1.57,-0.2,0.2,-0.006879742763049817,0.00016451376904014214,0.2161532350487423,-0.1803404445680141,0.015407902266948279
274.2000000004279,-1.9684652027951166,2.031494505632603,0.9600627559241317,0.0012717163431004326,0.002091757269741339,1.5695588302443328,0.01446286216378212,-0.002470392268151045,-0.004797361791133881,-2.0,2.0,1.0,1.57,0.0,0.2,0.009750680870323046,0.00022058487783360725,0.21542803184963966,-0.1801502893665773,0.01604036716618829
274.4000000004232,-1.968609182951437,2.0361961869734553,0.9585014833886077,-0.0019813923647078943,0.0009703724265129723,1.5696405652864058,-0.0016150902956724167,-0.00600071158260107,0.0025283244904130697,-2.0,2.0,1.0,1.57,-0.2,0.2,-0.0030167434927441637,0.00017971735679711554,0.21595340069285324,-0.1825632724390932,0.01673318919519392
274.60000000041845,-1.969008796329233,2.031812128502192,0.9586783979211039,-0.0023500516869204946,-0.0037369293892466427,1.5698978703009165,-0.003697013948112726,-0.002752358093857765,-0.001966353040188551,-2.0,2.0,1.0,1.57,0.0,0.2,0.005965645711758645,5.106484954175983e-05,0.2158899142623763,-0.1814326002098682,0.016963277285262826
274.8000000004137,-1.9658818404602547,2.028769190492989,0.9587117392210649,0.004355007663829113,0.0007072994528136894,1.5700168003541477,-0.006086745299398899,-0.02284989319741726,0.0044541615061461926,-2.0,2.0,1.0,1.57,0.2,0.2,-0.011764595648360134,-8.40017707381957e-06,0.2159570144906022,-0.17081653744613756,0.01721319684474654
275.000000000409,-1.9553519861864037,2.026438771588244,0.9579336863848369,-0.0015779778691546841,0.0006054561648020136,1.569782685528604,0.0013451171107590199,-0.005313563160598278,-0.0028090467676520348,-2.0,2.0,1.0,1.57,-0.2,0.08741002761455789,0.009096397148671363,0.00010865723569808416,0.21200371993885392,-0.1680881755844202,0.017670898470575326
275.20000000040426,-1.9583899675764846,2.0264500128640353,0.956395932771216,-0.00541560145748892,0.0027089441176103334,1.5691647113628815,0.00031338073313236237,0.007680379785597324,-0.0020397892221808434,-2.0,2.0,1.0,1.57,0.2,-0.11892731391559429,0.004127243906847639,0.00041764431855928486,0.2123954807756046,-0.16657697127996662,0.018254481413328433
275.40000000039953,-1.9627163953533506,2.0304514277525048,0.9550222273153374,-0.004054254142911025,-0.010590842797746523,1.5697342122744213,-0.0025576679036021233,0.004382085055112839,-0.001564107253216207,-2.0,2.0,1.0,1.57,-0.2,0.0,0.004212769575610103,0.00013289386278936277,0.21421165459804833,-0.17501050199668572,0.018741327631852135
275.6000000003948,-1.9707558956685498,1.9994702144960124,0.9544751343975503,0.002039632813176945,0.008446881985733675,1.5704044578109677,-0.03228795900940895,0.007971644401550293,0.0008299621986225247,-2.0,2.0,1.0,1.57,-0.1879245195370745,0.018913921004064305,0.0002043352389136323,-0.00020222890548382555,0.22649987353632028,-0.16623650484979008,0.018974256263681752
275.80000000039007,-1.9735329501792616,1.9850436592463714,0.952909244637143,0.00045940355963382696,0.0016332835365363352,1.5703770229588045,-0.009901274926960468,0.0012259259819984436,0.005175264552235603,-2.0,2.0,1.0,1.57,0.011450272011827082,0.00012181852030141577,-0.005446244611655235,-0.00018851147940224244,0.2296464675510682,-0.1658377097361715,0.019448769174407937
276.00000000038534,-1.9733127896776603,1.9805649851632996,0.9539672622390151,0.00027002588554279737,0.0010714937657802803,1.5703126320563243,-0.002186170546337962,-0.0013607693836092949,0.002865247894078493,-2.0,2.0,1.0,1.57,0.01825279126583578,0.005053588491627064,-0.0024487886173480172,-0.00015631602816212897,0.2310833858627668,-0.1654800600627945,0.019259584816345744
276.2000000003806,-1.9716395682258026,1.9803753483143667,0.9553884030196423,0.00019612605506000736,0.0008580089795311139,1.5701611751992348,0.0010228430619463325,-0.002497053239494562,0.0026665381155908108,-2.0,2.0,1.0,1.57,0.02032974769846494,0.004039527800845769,-0.0022652061997568912,-8.05875996173766e-05,0.23155271041603398,-0.16524576647734573,0.0190264035931846
276.4000000003759,-1.9695176963352872,1.9820833908958884,0.9571858489634156,-0.0024896529969059807,0.002089239264767198,1.5698841909320325,0.004850307479500771,3.235507756471634e-05,0.005719266831874847,-2.0,2.0,1.0,1.57,-0.2,-0.034971127166746094,-0.010134132814864617,5.7904533983799134e-05,0.22187348985935104,-0.16512094991150933,0.018725041683807987
276.60000000037115,-1.969328625953242,1.9812600172561703,0.9559029200879918,-0.004908116879397969,-0.0004637383022363883,1.569864715019988,0.001987471478059888,-0.0020368320401757956,0.004911403171718121,-2.0,2.0,1.0,1.57,-0.2,0.05803740167107213,-0.00359058833897994,6.764249000601463e-05,0.220998234469399,-0.1651374980780069,0.019182383970185127
276.8000000003664,-1.970645582791928,1.98231726118343,0.9541822314696033,0.004142031842535677,-0.0013525230398482985,1.5695212563466157,0.0057258703745901585,-0.005033239722251892,-0.0010343394242227077,-2.0,2.0,1.0,1.57,0.04592483335847058,0.08419293730483522,0.010715606557235169,0.00023937182669220292,0.2297451439835151,-0.16514138812981627,0.01968078132260955
277.0000000003617,-1.9697182473819554,1.9856586887260312,0.9537326444474926,0.0015166664791660856,0.004044084123529845,1.5703110141099337,0.004302802495658398,0.0017906774301081896,0.0038983544800430536,-2.0,2.0,1.0,1.57,0.0,0.1073408339904071,-0.0007828057185451254,-0.00015550705496680806,0.2189862598968001,-0.16515005133923255,0.019787274611650606
277.20000000035697,-1.9737059588579684,1.992571227773923,0.9541904927373557,0.00253990145293181,-0.0024023314494656715,1.5699733942183207,0.008333280682563782,0.0034681803081184626,0.006091518793255091,-2.0,2.0,1.0,1.57,0.052803515890136335,0.07106281344790535,-0.006987955982738907,1.3302890839672621e-05,0.2280536010324395,-0.16512040786062346,0.019667085890638203
277.40000000035224,-1.9721846687413795,1.9962945603332576,0.9536792892125583,0.0011603199703754785,-0.00027280277084980244,1.569903162454752,0.0021205702796578407,-0.004150057677179575,0.003867015242576599,-2.0,2.0,1.0,1.57,0.02513555882828721,0.007548030816427267,0.005288621995761815,4.841877262407035e-05,0.2290579045761803,-0.16520764101532834,0.019798953965084066
277.6000000003475,-1.971198304553683,1.9990192843306378,0.9558210265653717,0.005238686150851528,-0.0031728917535049413,1.5701268843343499,0.006330558098852634,0.006898235529661179,0.002303732791915536,-2.0,2.0,1.0,1.57,0.010704736102833831,-0.17674377572258415,0.004509399672508752,-6.344216717490969e-05,0.228429192094423,-0.1653004433044049,0.019285776348646977
277.8000000003428,-1.9700041423475683,1.9979808149353413,0.9558914064320402,0.001789370815047922,0.0012460778814422676,1.571220757947964,7.724622264504433e-05,-0.002592850010842085,0.00498364819213748,-2.0,2.0,1.0,1.57,-0.018975746402066285,0.029073439433327537,0.003988628410099821,-0.0006103789739819732,0.2287643991766103,-0.16546223872081545,0.01930318929107563
278.00000000033805,-1.969981208221466,2.0012887576471576,0.9576111083874124,0.0005986898119963411,-0.0046320022673854095,1.5703327832739475,0.0021369238384068012,-0.0033359441440552473,0.003903784789144993,-2.0,2.0,1.0,1.57,0.2,0.30673479620835237,-0.0005382540017225708,-0.0001663916369737395,0.21853920387782044,-0.16549631584424693,0.01891215588427871
278.2000000003333,-1.9687149479621637,2.0043545694645912,0.9577201569479808,-0.00424241233025665,0.0014380647712444114,1.5706115843879032,0.004282472189515829,-0.006258232519030571,-0.0012474160175770521,-2.0,2.0,1.0,1.57,0.2,0.13261969895646586,0.011866681622159194,-0.00030579219395154844,0.2176741113479416,-0.16555505225599623,0.01892224917956077
278.4000000003286,-1.9690450608190586,2.011814907173584,0.9590115767700104,-0.005054518891549334,-0.0009247323794502082,1.5704441680678882,0.011990740895271301,0.0017082304693758488,-0.002097240649163723,-2.0,2.0,1.0,1.57,-0.2,-0.12421180868087597,0.009679442331864943,-0.00022208403394408105,0.21609391500912023,-0.16554524681117255,0.018618395147552105
278.60000000032386,-1.9701559666294766,2.0184656133359393,0.9582982200456186,0.003331049957243755,-0.00349581161324492,1.5700061111214618,0.0028843325562775135,0.002262026071548462,0.0014346002135425806,-2.0,2.0,1.0,1.57,0.1584282777044094,-0.2617070170808171,0.012404001986775486,-3.0555607308802024e-06,0.22453474796913972,-0.165590887847718,0.01880488155646306
278.80000000031913,-1.9683016602847243,2.0193232378494193,0.9585181895199525,0.005468954854709321,0.00033964254638983786,1.5690616683579222,0.0033723327796906233,0.0017882231622934341,0.001137647544965148,-2.0,2.0,1.0,1.57,-0.2,0.024580162677641654,0.002952336160663316,0.00046916582103895266,0.21532791664634088,-0.16575110140182128,0.01870689799667016
279.0000000003144,-1.9703782969548038,2.0211366550407974,0.9584774669021965,0.00287449964116069,-0.0031264699896526877,1.5694251526501226,-0.002394529525190592,-0.00030163710471242666,0.0008817351190373302,-2.0,2.0,1.0,1.57,0.14259348044868242,0.09090595570523925,0.00674675294336805,0.0002874236749387249,0.22514449603890957,-0.1658546104979473,0.018661152120252184
279.20000000030967,-1.9727407591007269,2.0219734725266925,0.9587689401418766,0.0015171916442748823,-0.0025723648583434334,1.5707342886697544,0.008130611851811409,0.00395980617031455,-0.002022896893322468,-2.0,2.0,1.0,1.57,-0.006217940529585006,0.051327872893124196,0.00858738024488372,-0.00036714433487716747,0.22681057106447733,-0.16594522373811302,0.018540519951445827
279.40000000030494,-1.9724373935086552,2.0267996324856443,0.9591973333460431,-0.000209361355927319,0.00021161035195140518,1.5698107652273792,0.004588261246681213,-0.0021240366622805595,0.00416292529553175,-2.0,2.0,1.0,1.57,-0.0018560741020749501,0.02382317997345287,0.0037781604645922926,9.461738631044714e-05,0.22797309057301124,-0.1659696264770052,0.018361512306913803
279.6000000003002,-1.9700358840161871,2.030036575870664,0.962073372579022,-0.000355081043312265,5.146547269250819e-05,1.5700352492635063,0.0033894891384989023,-0.003492685966193676,0.0038301509339362383,-2.0,2.0,1.0,1.57,-0.19431167182759163,0.19169564112170465,-0.0014792762753830942,-1.762463175314366e-05,0.22832928837843194,-0.17488460135044848,0.01761475333729917
279.8000000002955,-1.9789703832007868,2.03252716203837,0.9635623601280822,0.0009275415101441099,-0.00452011809984187,1.570585615474467,0.000869442243129015,0.00893203355371952,0.0013264089357107878,-2.0,2.0,1.0,1.57,0.09025225443068524,0.2,0.0032769766844697205,-0.0002928077372335025,0.22746655063603927,-0.1781197746883006,0.017273169701411926
280.00000000029075,-1.9840723668638947,2.0306690852208114,0.9635259351345963,0.0026935202373823885,0.004083171619949355,1.5710147226870808,-0.0045038857497274876,0.004077107645571232,0.0026026556733995676,-2.0,2.0,1.0,1.57,-0.11952678036756187,-0.2,9.202529134867557e-05,-0.0005073613435403468,0.22745192982806278,-0.17875986481284611,0.017284821253817213
280.200000000286,-1.984629429771785,2.0257182852557536,0.9654296519057215,0.00031562292964897206,0.0021345206119751507,1.570472574270655,-0.005364245269447565,0.002208009595051408,0.004477376118302345,-2.0,2.0,1.0,1.57,-0.03303566539833887,-0.01026962584528427,0.0014802157892628192,-0.00023628713532741763,0.22720912811881538,-0.1680541240874121,0.016787203703817297
280.4000000002813,-1.9844576788167776,2.0229624481084874,0.9679413819322543,0.00031252345442309056,-0.0002910901742379776,1.569926699600381,-0.001827784813940525,-0.0016792409587651491,0.0037666698917746544,-2.0,2.0,1.0,1.57,-0.011371228280271449,0.0032858493308731257,-0.004432512047994669,3.665019980958473e-05,0.22679102056289965,-0.16646263899004318,0.016189156968374935
280.60000000027657,-1.982464519398421,2.0221966677035335,0.969972408622331,0.0002039346164494582,-0.0004041679466159248,1.5697592866586145,3.293866757303476e-05,-0.002879064530134201,0.003590330947190523,-2.0,2.0,1.0,1.57,-0.008896642330123637,0.001825535518648177,-0.0021667301992986812,0.00012035667069276723,0.22629279414372125,-0.16556572242700232,0.01573963794634911
280.80000000027184,-1.979878895200964,2.022611674638105,0.9712357840840125,0.0001591321460891712,-0.000432434905022558,1.569754220416188,0.0010892788413912058,-0.0032432787120342255,0.006440148688852787,-2.0,2.0,1.0,1.57,-0.009824201755473428,0.0008720350506878933,-0.00508762939589486,0.00012288979190600013,0.2257341804878641,-0.16506838313580013,0.00851789963426137
281.0000000002671,-1.977137404619447,2.0236794595274725,0.973108945030679,0.00014177576479142945,-0.0004537857848588142,1.569799950231277,0.0016426908550783992,-0.0033065348397940397,0.001991737401112914,-2.0,2.0,1.0,1.57,-0.009947046534446946,0.00040805656191285203,-0.003969776198408842,0.00010002488436156032,0.22513982101441946,-0.16480170505646885,0.009582941441991436
281.2000000002624,-1.974392247241011,2.025087157232643,0.9734239760775415,0.00013414446353290693,-0.00046473234319106447,1.569851615946048,0.0019307327456772327,-0.003271067049354315,0.0008971961215138435,-2.0,2.0,1.0,1.57,-0.010184397414760918,0.0001398867583832159,-0.004842814144744022,7.419202697600547e-05,0.2245283036334354,-0.16466809823141537,0.010264881754328815
281.40000000025765,-1.97168992453424,2.0266686113813317,0.9730856401613622,0.00013053990307342533,-0.00047112692330399927,1.569895070708728,0.0020749422255903482,-0.003210456110537052,0.00037808401975780725,-2.0,2.0,1.0,1.57,-0.010350736152614129,-2.393932206717125e-05,-0.00516460976802914,5.2464645636018936e-05,0.2239116904211643,-0.1646108466792203,0.010748101054437326
281.6000000002529,-1.9696116687812755,2.0286256915540166,0.972986082979055,-0.004989560142446981,-0.0034313207333100176,1.5699475186456828,0.0025728666223585606,0.0034662368707358837,-0.000803305534645915,-2.0,2.0,1.0,1.57,-0.2,-0.10568225429709997,-0.007351757684478603,2.6240677158617665e-05,0.21343363836827858,-0.1645905252150952,0.01113725583920891
281.8000000002482,-1.9693911131907669,2.027165842633962,0.9689567371813419,-0.006277429285175134,-0.0036134970251257867,1.5694636146853562,-0.0010522149968892336,0.002384979510679841,-0.001965986331924796,-2.0,2.0,1.0,1.57,0.0,-0.14710239255408786,-0.0007444684995034393,0.00026819265732191955,0.2123687951619167,-0.16465834244730596,0.019492577821036746
282.00000000024346,-1.970584156290843,2.0284474381841946,0.9661527885039582,0.0001655303818336023,-0.001941529189584752,1.5688665915059594,0.004125718958675861,-0.0024259905330836773,-0.001182122272439301,-2.0,2.0,1.0,1.57,0.05034862015707962,0.002225840581719747,0.002369634798936101,0.0005667042470203221,0.22138236965511696,-0.16465791181419298,0.019201723710801272
282.20000000023873,-1.97083092248183,2.028423309522127,0.9652021314982252,0.007277661984715782,0.0018550074313011227,1.570077210624433,-0.005889615975320339,0.0030590370297431946,0.003006154438480735,-2.0,2.0,1.0,1.57,0.06772218991548484,-0.1704349632030424,0.005651237525448577,-3.8605312216444254e-05,0.22004859007332048,-0.1647163629309101,0.018782528249287743
282.400000000234,-1.9700600306833151,2.029993925138027,0.9654747652435903,0.0067314986963385014,-0.0011592093276355632,1.5697863397305523,-0.0004331147647462785,0.0013222036650404334,0.0023466425482183695,-2.0,2.0,1.0,1.57,-0.0012022187243881312,-0.2503387133020527,0.0030559715858202575,0.0001068301347239009,0.21903958896348136,-0.16472935729521693,0.018268758164965235
282.6000000002293,-1.9470109466459502,2.035596286513082,0.9672513618557378,-0.010597500625710224,-0.005602050776602002,1.5699310219511222,0.004079056903719902,-0.022429684177041054,-0.0023908899165689945,-2.0,2.0,1.0,1.57,0.2,-0.12335915370341632,0.015099957950155682,3.448902443892177e-05,0.20245574542138028,-0.17713748327028891,0.01755484679996263
282.80000000022454,-1.9390048668283821,2.0346701482852656,0.9691289333429619,-0.007133991718560117,0.004286615339513677,1.5701248107836865,-0.002683833474293351,0.0022638565860688686,0.004974831361323595,-2.0,2.0,1.0,1.57,0.0,-0.2,-0.00590171927783493,-6.240539184321214e-05,0.1980875896520775,-0.17860026941913695,0.016902476602171857
283.0000000002198,-1.9447163404254257,2.032385273672838,0.9704912836472837,-0.0007561080558653457,-0.0039296416869690045,1.5701233760537405,-0.0073740375228226185,0.012073724530637264,0.0011150699574500322,-2.0,2.0,1.0,1.57,0.2,-0.2,0.0004959709047206214,-6.168802687023245e-05,0.19914719053903282,-0.17831678588855038,0.008928596363381608
283.2000000002151,-1.9503388683828253,2.029027284636742,0.9718620609328467,0.0014315233974440858,0.004972980981735919,1.5704848580174342,-0.004786837846040726,0.011194050312042236,0.004517712630331516,-2.0,2.0,1.0,1.57,0.2,-0.06086965698544772,-0.010511518242023517,-0.00024242900871707107,0.20163962193032364,-0.16799225838885962,0.010016076203633168
283.40000000021035,-1.9576961417819077,2.0231231676182198,0.9696761540668806,0.00026092617017075995,-0.012917746254560688,1.569897813956761,-0.03835116699337959,0.015697384253144264,0.005734535399824381,-2.0,2.0,1.0,1.57,0.2,-0.10187564835942577,0.005155650471397655,5.1093021619541545e-05,0.2053020549065518,-0.1657219282268841,0.018860930316452626
283.6000000002056,-1.969456678726305,1.9935982227131768,0.9719426650366562,0.0025822504540674363,0.005946710021408017,1.5707740149863736,-0.02270347625017166,0.011887101456522942,0.005431881174445152,-2.0,2.0,1.0,1.57,0.0,0.10258593374602436,-0.0013139448077097281,-0.000387007493186764,0.21081064693583978,-0.16426925313135313,0.010925864366301457
283.8000000002009,-1.9732961694560474,1.9886609284073122,0.9716648030768319,0.0013819143295971678,0.0006150843851276161,1.5704383896269054,-0.0009715485502965748,0.001992611214518547,-0.00023740493634250015,-2.0,2.0,1.0,1.57,0.010613526625049736,0.006784860988874314,-0.0014991090556176708,-0.00021919481345267222,0.22400009790558936,-0.1630224163651355,0.0113157819492303
284.00000000019617,-1.9725888375548681,1.9894115778493529,0.9706855626288777,0.0003771789545198592,0.0008361637920151498,1.570134380296564,0.0018833307549357414,-0.0021438056137412786,0.002015214879065752,-2.0,2.0,1.0,1.57,0.008520037468609236,0.009814777059115832,-0.006036760850414729,-6.719014828193703e-05,0.2262759552848174,-0.16224614920660016,0.011606975451534328
284.20000000019144,-1.9703625301108565,1.9914458220180118,0.9708745047623565,0.00015504290175229904,0.0006957083337839154,1.570160835339501,0.002540688496083021,-0.002950469497591257,0.0010897638276219368,-2.0,2.0,1.0,1.57,0.012420728299686795,0.002837484961436274,-0.004610094855883905,-8.041766975042108e-05,0.22724117965122004,-0.16180149491303236,0.01186503854708469
284.4000000001867,-1.9706364835560382,1.9914170315489637,0.9703745236125488,0.001220237582959386,0.0019143655041617426,1.5702319766130484,-0.006464578211307526,-0.002234628889709711,-0.001024784054607153,-2.0,2.0,1.0,1.57,0.04694013531631185,0.08439065967940891,-0.00021299216896575275,-0.00011598830652415071,0.2266011114349245,-0.16160990727893895,0.012070271794663608
284.600000000182,-1.9708724488960458,1.9869312736227638,0.9699218008813043,0.0006626599247120136,0.0028806643029862964,1.5693767627974335,-0.005556620657444,-0.0018135486170649529,0.001091142650693655,-2.0,2.0,1.0,1.57,-0.02361175109901338,0.07694142572584015,-0.0017511295062488299,0.0003116186012832589,0.22633142857234,-0.16158360742613137,0.02025674586864047
284.80000000017725,-1.9706313313292068,1.9845118692332497,0.9694341984123398,0.0038063139394236218,0.005321532036307301,1.5702908279263195,0.004129779990762472,0.0037135998718440533,0.0009334866190329194,-2.0,2.0,1.0,1.57,-0.15530916192863375,-0.09017366963034823,0.00685268960041767,-0.0001454139631597018,0.22561833836978595,-0.16152971246544154,0.01927716778715181
285.0000000001725,-1.970045957712319,1.9904314273669297,0.9673954045861223,-0.004511361791606298,-0.004218187308027287,1.569433169869426,0.0054381294175982475,0.007210399489849806,-0.01129042450338602,-2.0,2.0,1.0,1.57,0.0,-0.3189459965285918,-0.0014586894199012709,0.0002834150652870626,0.2250382853693656,-0.16135972318711692,0.0192488700197229
285.2000000001678,-1.9704406009889195,1.9927470391077962,0.9616969385299803,-8.764442059431754e-05,-4.824871102645048e-05,1.5697571345327694,0.00361832813359797,-0.00362945138476789,-0.0069199372082948685,-2.0,2.0,1.0,1.57,-0.003884631638766095,0.022720505582389645,0.010120504376987173,0.00012143273361531204,0.22578476369143582,-0.16133701464520003,0.01999892790891746
285.40000000016306,-1.9702775879879144,1.9967108744870417,0.9618200001865131,0.0039755497237145285,-0.002940119120204011,1.5697895416565717,0.005633976310491562,3.4143682569265366e-05,0.001986847724765539,-2.0,2.0,1.0,1.57,0.0570025750870706,0.01414304719308035,-0.0007831784084953727,0.00010522917171418289,0.22424445151204436,-0.1612969374698218,0.019395957054881723
285.60000000015833,-1.9716561467734848,1.9978261506082566,0.9619380103247079,0.005200241718472397,4.935602851803342e-05,1.5708106737883683,0.0004138870572205633,-0.0005866615101695061,0.002592971082776785,-2.0,2.0,1.0,1.57,0.036402835003156706,0.15730123000029242,0.003433723074827316,-0.000405336894184094,0.22420658026752927,-0.1613372482444365,0.01893260222650101
285.8000000001536,-1.9692997367181049,2.001589386858109,0.9629892791867837,-0.002288107833601051,0.005840918099013662,1.5701691142400331,0.006642371416091919,0.001660550246015191,0.0015157563611865044,-2.0,2.0,1.0,1.57,0.0,-0.08189991095782644,0.005783605408270045,-8.455712001653737e-05,0.2148581877965983,-0.16131802322991826,0.018294983922605246
286.0000000001489,-1.9716442778361185,2.009228806952475,0.9642867698099917,0.0016548495944586931,-0.006083137669353481,1.5706497710085412,0.005358194001019001,0.000739390030503273,-0.0027828491292893887,-2.0,2.0,1.0,1.57,0.0555159960433979,0.14010258227528638,0.011182331079051783,-0.00032488550427056673,0.2233616622904733,-0.16124634103852895,0.017701439520533605
286.20000000014414,-1.9687773956545922,2.0091008388592146,0.9642283160882623,-0.004617566669622929,0.002828922284332122,1.569173191593221,-0.0005278851022012532,0.0001740349252941087,0.0027171517722308636,-2.0,2.0,1.0,1.57,0.2,-0.11677590551267159,0.011546418985230178,0.00041340420338953354,0.2145084585705643,-0.16135498231611414,0.01746172601047172
286.4000000001394,-1.9682112826541653,2.011122677359126,0.9670601365876198,0.0028752596928507154,-0.00013554599180823186,1.5694634840570458,0.007290991488844156,-0.00011122412979602814,0.0035470183938741684,-2.0,2.0,1.0,1.57,-0.2,0.05907917873676806,0.0008385126125744547,0.00026825797147711494,0.21289866374747818,-0.1613777879168037,0.01652584418592924
286.6000000001347,-1.9683703796972412,2.0158593170079846,0.9676039792175937,0.0003815840668260091,-0.0034976362996183745,1.5703134260556004,0.0017728470265865326,-0.012846523895859718,0.0007316990522667766,-2.0,2.0,1.0,1.57,0.2,0.03983269306736009,0.008781935844040358,-0.0001567130278001816,0.21329626977654986,-0.16134953571384864,0.016221021584048072
286.80000000012996,-1.9627757353313182,2.020089054857794,0.9688784206774875,-0.0038231221245775644,-0.0017101325794227928,1.5706678332016448,0.008804906159639359,-0.0036162519827485085,0.007799296639859676,-2.0,2.0,1.0,1.57,-0.2,0.008660183555602496,-0.005752892450204544,-0.0003339166008223815,0.21087545056651752,-0.16134408556920038,0.015710955212275272
287.0000000001252,-1.9655664665589527,2.025851282003439,0.969623758214691,-0.006017159858367768,0.0021014973286335023,1.5691919443301716,0.002122444799169898,0.008593352511525154,0.0003997531603090465,-2.0,2.0,1.0,1.57,0.2,-0.2095272787951524,0.010266726233985463,0.00040402783491422234,0.21137664727494176,-0.16132782066887127,0.015356403428626987
287.2000000001205,-1.970890630252285,2.027399322356709,0.971184478231836,0.007630968396456348,0.0005131167710080662,1.569658124325902,0.005271431989967823,0.0006783583667129278,0.012883526273071766,-2.0,2.0,1.0,1.57,-0.08818698439359403,0.08998796099715273,0.029822680113703447,0.00017093783704902332,0.2225814594488781,-0.16139938793359893,0.007416431694747354
287.40000000011577,-1.9712726350883776,2.028890017104865,0.9797062822581604,0.0010896831926932719,-0.004613210062013254,1.5707930510906687,0.003298893105238676,0.0015401736600324512,0.0069100577384233475,-2.0,2.0,1.0,1.57,0.015325861524755402,0.10820049551182329,0.006566590299174153,-0.00039652554533431417,0.2244421079359946,-0.161441823646992,0.008515716780588435
287.60000000011104,-1.9707577631418216,2.030910467065915,0.9806547837944251,0.0015918213055159157,-0.011142009257945866,1.5711245101663123,0.0007438707980327308,0.0007339070434682071,0.0004692317743320018,-2.0,2.0,1.0,1.57,-0.22323520798893481,0.0,0.015120354585045768,-0.0005622550831561046,0.2260361997977341,-0.1708934521846232,0.009024377131630311
287.8000000001063,-1.9760753601656091,2.0078063475334917,0.9812516520180656,0.0009375077348172292,0.004796248048367845,1.570785199658405,-0.02267027087509632,0.021910181269049644,-0.002135201822966337,-2.0,2.0,1.0,1.57,-0.1347046596165788,-0.17162645540184848,0.011163473873311434,-0.00039259982920247793,0.2262710560326015,-0.16242846866510735,0.00933159434857431
288.0000000001016,-1.9863595002949301,1.996371157915323,0.9822743731234633,0.0008241829119986861,0.0009315125847795196,1.5697338749877134,-0.00580387469381094,0.004212462343275547,0.0015215219464153051,-2.0,2.0,1.0,1.57,-0.02750526391416717,0.049224415764784014,-0.0003471113781219764,0.00013306250614331105,0.22630608393462576,-0.16212318331844888,0.009550746799961015
288.20000000009685,-1.9864048623471418,1.9946129669263737,0.9828092433325702,-3.814459317045877e-05,0.00042813087883010833,1.5697010856382188,0.0005243398481979966,-0.002897801110520959,0.0025560222566127777,-2.0,2.0,1.0,1.57,-0.009506172162277813,0.02843856346288856,-0.004064017173671431,0.0001494571808906553,0.2262044482598898,-0.16178725877154257,0.009700533156186048
288.4000000000921,-1.983220830681286,1.9960160918664855,0.9839642043193453,-0.0003415953376508543,0.00020002204992019296,1.5696488464386338,0.002406311919912696,-0.004458093550056219,0.002297403756529093,-2.0,2.0,1.0,1.57,-0.004771134434948847,0.019765980592267578,-0.004135993521436342,0.00017557678068313987,0.22590633468479027,-0.1615508370156482,0.0098244055100859
288.6000000000874,-1.9796212642377546,1.998188322205916,0.9849954000168402,-0.0004493354068596803,0.0001066153282938965,1.5697006785385876,0.0026753777638077736,-0.0042663984932005405,0.0022041324991732836,-2.0,2.0,1.0,1.57,-0.001986773269419681,0.015456456750686489,-0.004128970283519078,0.00014966073070621366,0.22545582881851525,-0.16141144803066595,0.009923342201086243
288.80000000008266,-1.976386331174577,2.000343785355034,0.9859629900416653,-0.00048116817071549694,7.401944575090499e-05,1.5697732035727991,0.002475602086633444,-0.003708098316565156,0.0021415678784251213,-2.0,2.0,1.0,1.57,-0.0005806772615078265,0.013299257454612586,-0.004097138857690696,0.00011339821360045743,0.2249130969685237,-0.16133930554984416,0.010008884509476068
289.00000000007793,-1.973605215000266,2.0022903446926406,0.9868857898072962,-0.0004866437063371379,6.427540319356807e-05,1.5698377833516974,0.002207064302638173,-0.0032092095352709293,0.0020944734569638968,-2.0,2.0,1.0,1.57,0.00010696714365044852,0.012220730986283842,-0.004054748138805202,8.11083241513133e-05,0.22432337439242173,-0.16130749529780947,0.010086770820542497
289.2000000000732,-1.9711803197919495,2.0040298282423445,0.9877728132178109,-0.0004845081036353097,6.234570398825365e-05,1.5698876525184677,0.001984827220439911,-0.0028546841349452734,0.0020547134336084127,-2.0,2.0,1.0,1.57,0.000428772958651823,0.011678608656559907,-0.0040079804205508055,5.617374076616333e-05,0.2237147640462202,-0.16129775868102733,0.01016001221556563
289.4000000000685,-1.9700845831268596,2.005274417069665,0.988721134018317,-0.003501419309730615,0.006421978399296983,1.5697807000001212,0.0038840421475470066,0.00506620341911912,-0.00349072040989995,-2.0,2.0,1.0,1.57,0.0,-0.3113931385762612,0.004209462319712248,0.00010964999993945401,0.2219224728821621,-0.16130626797285147,0.010230957211425805
289.60000000006374,-1.9698722457376643,2.0120278870766652,0.9885417559057629,-0.002909235990877387,0.0016011985422101761,1.5695806119518567,0.005893644876778126,-0.00019569043070077896,0.0039778584614396095,-2.0,2.0,1.0,1.57,0.0,-0.005435287094550656,-0.007412547121404198,0.0002096940240716716,0.21283901674386493,-0.16121744933664314,0.010284525644525458
289.800000000059,-1.9718403279345422,2.013389099460304,0.9874491706633459,-6.545419105682406e-05,0.0004608143929076732,1.569640079644773,0.001206913497298956,-0.0014500548131763935,0.004058577120304108,-2.0,2.0,1.0,1.57,-0.014597824067459943,0.02025193202509699,-0.007003988945782649,0.00017996017761356953,0.22136573780727942,-0.16127271742432492,0.010321677569175128
290.0000000000543,-1.9695160648657513,2.014774057314302,0.9877032293893568,-0.0023106019184166403,-0.0023028142935245213,1.5702014977861434,0.0010466959793120623,-0.0026643245946615934,0.004170669242739677,-2.0,2.0,1.0,1.57,0.011639131746014775,0.005577082246981668,-0.00666898681735701,-0.00010074889307165602,0.21209450324854237,-0.16130175593642515,0.010399853817297779
290.20000000004956,-1.969236760048124,2.0183956553150235,0.9858858995981055,-0.00582932574610097,0.0031160863302921366,1.5706386319851136,0.004447736777365208,-0.0004862078931182623,-0.001106883748434484,-2.0,2.0,1.0,1.57,0.0,-0.044371990315274945,0.005695693116215452,-0.0003193159925567457,0.2106402480662592,-0.16127704107955895,0.010425397101278096
290.4000000000448,-1.9677177415047347,2.019786683251847,0.9857888116437155,-0.008586536847468977,0.0034530201563205483,1.57034369067864,0.004158257506787777,-0.0036555409897118807,-1.185953715321375e-05,-2.0,2.0,1.0,1.57,-0.2,0.019333814800896354,0.000275376395891772,-0.00017184533932002033,0.20970783135325224,-0.16131796300345513,0.010500601908994286
290.6000000000401,-1.971445697688323,2.0226377999087495,0.9843500277927866,-0.005063293562696866,-0.0022448006262804914,1.5707587548234292,0.004702699836343527,0.011008808389306068,-0.0003709366428665817,-2.0,2.0,1.0,1.57,-0.02624357535344391,-0.10138726672571656,0.0008934348216210958,-0.0003793774117145654,0.21829990756790982,-0.16131129483491488,0.010547908875000253
290.80000000003537,-1.9768970591877904,2.023349533374208,0.98196229996229,0.0013716878008954616,0.0006126919188396588,1.5698762783244071,0.002511918544769287,0.0022078093606978655,0.0021821095142513514,-2.0,2.0,1.0,1.57,-0.020763946518201536,-0.011671038455874659,-0.0018674747082336263,6.1860837796468e-05,0.21963423713783722,-0.16134902985011532,0.010587719122972591
291.00000000003064,-1.9768554504440983,2.0259753549167354,0.9821248464209312,0.0008939017074421501,0.00015357194592966093,1.5699506399908736,0.003657314693555236,-0.0016064271330833435,0.0017691226676106453,-2.0,2.0,1.0,1.57,-0.008264633133409804,-0.010281468587046205,-0.003415568241177428,2.4680004563237823e-05,0.2202098587496943,-0.1613389387446399,0.010683123318431093
291.2000000000259,-1.9748281124058278,2.0289474225440727,0.9829640202195769,0.000746160825340484,6.867773444075559e-05,1.5698320715081022,0.0033465647138655186,-0.002754753455519676,0.0020255527924746275,-2.0,2.0,1.0,1.57,-0.0049150717977932456,-0.013921105525094474,-0.00392090489160528,8.396424594891982e-05,0.22030868280007915,-0.16133210028516795,0.01077183905053482
291.4000000000212,-1.9730162200800503,2.0291416855495252,0.9837372106328057,-0.0016926948792497154,0.004515192555841366,1.5698269164935328,-0.00242983503267169,0.005544818937778473,0.0011550657218322158,-2.0,2.0,1.0,1.57,-0.050038627461199525,-0.17124189629521644,-0.000732495630926799,8.654175323363766e-05,0.22010466196145162,-0.16239688714331524,0.010842630040764445
291.60000000001645,-1.975685031568394,2.030241071907679,0.9832571768506871,-0.0018033334094488922,-0.0013150782480371218,1.569709226495742,-0.0005025693099014461,0.0024495101533830166,0.005614618770778179,-2.0,2.0,1.0,1.57,0.011712229135036011,-0.2,-0.008031523008219712,0.00014538675212905083,0.219675313533215,-0.17133883835929067,0.010886528761553237
291.8000000000117,-1.9753218610832264,2.0307562025120904,0.9822979701511547,0.0012886311694293847,0.003581091667069993,1.569177064090775,-0.0010780396405607462,-0.0008351762080565095,-0.003975225612521172,-2.0,2.0,1.0,1.57,-0.04022357239728765,0.2,0.0023276409817715067,0.00041146795461255437,0.2192451872599441,-0.17322560527614372,0.010924425506221162
292.000000000007,-1.9743117196634807,2.02751773872787,0.9814647837081131,0.0009475010926736774,0.007302928311377798,1.5699259279716005,0.0010425788350403309,0.0007170424796640873,0.002098266500979662,-2.0,2.0,1.0,1.57,-0.17428946762377462,-0.040544796669880895,-0.0038212927681703555,3.7036014199798295e-05,0.21878590145897037,-0.16386577549666065,0.01097732831019656
292.20000000000226,-1.9704354276286262,2.0301181116217593,0.980089734636974,0.0006107249968869722,-0.0004717964063052914,1.5700724205837728,0.0013053888687863946,-0.005107295699417591,0.000868934323079884,-2.0,2.0,1.0,1.57,-0.18884382053380228,-0.19172814079426428,-0.0012520844995724065,-3.6210291886384915e-05,0.21835436012355597,-0.17070332223671153,0.011017391917188474
292.39999999999753,-1.9622087358943512,2.03589414072605,0.9811348508670407,-0.003462012843368852,-0.0026329827361730404,1.5705330635558146,0.017315056174993515,0.0015181442722678185,-0.003177493344992399,-2.0,2.0,1.0,1.57,-0.2,-0.21169144355085595,0.003412527415720845,-0.0002665317779072529,0.2044120919520446,-0.17297853196575122,0.011101796433630464
292.5999999999928,-1.9655249677017415,2.0359993288833387,0.9832345208135685,0.0038536083508443355,-0.0057312890972729185,1.5699635791268358,-0.007690956816077232,0.007406489457935095,0.007390495389699936,-2.0,2.0,1.0,1.57,0.0,0.0,-0.01398514685278222,1.821043658212229e-05,0.20360500416411872,-0.1743115650671684,0.01120035163656165
292.7999999999881,-1.9701386315744274,2.0270539255977553,0.9853540278818752,0.0010665765452864042,-0.005495429848722817,1.5698874410072905,-0.014158019796013832,0.00147683871909976,-0.003624615492299199,-2.0,2.0,1.0,1.57,0.18012864253129343,-0.0176879026653248,0.0059040692942788995,5.627949635478302e-05,0.21352618385873023,-0.16273577225044897,0.011266229650080013
292.99999999998334,-1.9741025468879125,2.0205647292403146,0.9857052464114864,0.00020144198065906837,0.0007007217376364155,1.5697642996228955,-0.005724971182644367,0.0024899709969758987,-5.5481825256720185e-05,-2.0,2.0,1.0,1.57,0.037524371823602874,0.008246997224516064,-0.0016521428413028812,0.00011785018855225982,0.21615583218458942,-0.16027371445433702,0.011303070625351267
293.1999999999786,-1.9745708755938645,2.0165234479243126,0.9844661265366718,0.0007764590689224303,7.236876565096038e-05,1.5699519099638382,-0.003611804684624076,-0.0003153240540996194,0.001436159247532487,-2.0,2.0,1.0,1.57,0.00012831644780845705,-0.01870605238819412,-0.003310532554115926,2.4045018080953717e-05,0.2174363789596427,-0.15886245350632427,0.011316599055434305
293.3999999999739,-1.973679149608382,2.014157634373693,0.9851435032146931,0.0007233138104687432,3.950751582090261e-05,1.570303800473026,-0.0021796722430735826,-0.00142971845343709,0.001900029950775206,-2.0,2.0,1.0,1.57,-0.0003136985428161286,-0.0176971692865417,-0.003560692446498883,-0.00015190023651301399,0.217930896684077,-0.15804208996741498,0.011373263556285424
293.59999999996916,-1.9721598923537513,2.012728148497283,0.9858729291697892,0.0006959636907433535,2.0140593982159987e-05,1.5703507468923854,-0.0013316429685801268,-0.0019294160883873701,0.0018752377945929766,-2.0,2.0,1.0,1.57,-0.0010052758369369131,-0.017871315007306165,-0.003494470830624557,-0.0001753734461926726,0.2179814498033122,-0.15756263067515264,0.011425711904153339
293.7999999999644,-1.970352091731027,2.0118391826292683,0.9865857559593654,0.0006835748008994115,7.192602310883672e-06,1.5702969574726249,-0.0008482394041493535,-0.002157444367185235,0.001853396650403738,-2.0,2.0,1.0,1.57,-0.0013122101268357984,-0.01793260317557652,-0.003446198759881586,-0.00014847873631240738,0.21778432415031018,-0.15727942224606425,0.011474475605953879
293.9999999999597,-1.972263791155618,2.0113106219110635,0.9863328998981734,0.0016760818426242816,-0.001424318018779952,1.5697964141420486,0.0014403086388483644,0.0027083696331828833,0.004449197091162205,-2.0,2.0,1.0,1.57,0.006192508134642831,0.028916906501488725,-0.006467490536351797,0.00010179292897571912,0.21680065945305574,-0.157105385135256,0.011499987027672255
294.19999999995497,-1.972266869750654,2.011332161317728,0.9874956830393313,0.0009216208521565137,-8.774563959596737e-05,1.5700162192855913,-0.0007900039781816304,-0.0010736027033999562,0.0019193594343960285,-2.0,2.0,1.0,1.57,0.0018627940135254402,-0.010918777629905337,-0.0033400874444123574,-8.109642795628424e-06,0.21681281346798373,-0.15699644938641044,0.011561204355799909
294.39999999995024,-1.9707181684059698,2.0105157135159035,0.9881719892948976,0.0007376841511537056,-4.1318677756858875e-05,1.5701586830277237,-0.0010484321974217892,-0.0021859174594283104,0.0017785478848963976,-2.0,2.0,1.0,1.57,0.0010013764408691385,-0.016097217975397822,-0.003330598786395513,-7.9341513861797e-05,0.2166260766466544,-0.15694240573935997,0.011606802116944105
294.5999999999455,-1.971242767450997,2.009746063661429,0.9886804778160071,0.0053243476576088685,0.0016665385565916488,1.5701225511538288,0.005395113490521908,0.0024442975409328938,0.00116019940469414,-2.0,2.0,1.0,1.57,-0.14907762030828697,0.060450798527814265,-0.0006726712811678192,-6.12755769143769e-05,0.2152934426137586,-0.15690148367298656,0.011645556666499073
294.7999999999408,-1.9699854783571507,2.013400307731602,0.9889075961191823,0.00014393825552706511,-0.0003605743176446629,1.5702785010806082,0.001471479656174779,-0.0029628633055835962,0.002920894417911768,-2.0,2.0,1.0,1.57,0.2,0.19659528081029304,-0.005674524431340395,-0.00013925054030405892,0.20672975264826735,-0.1567994452586768,0.011682390506378336
294.99999999993605,-1.9695204352750701,2.010927973269623,0.9881238506842476,-0.0031852542130712974,-0.00047745684884200023,1.5694476050195845,-0.004423317965120077,-0.004705072846263647,-0.0036731380969285965,-2.0,2.0,1.0,1.57,-0.2,0.1494772854174619,0.005786087077654812,0.0002761974902077968,0.20532153091126681,-0.15685151066694247,0.011696953279582176
295.1999999999313,-1.968991896281714,2.008582106948005,0.9870023051631777,-0.0037072786262885727,-0.00033298408018045096,1.5700938989814666,-0.0014698668383061886,-0.005448141135275364,-0.006996506825089455,-2.0,2.0,1.0,1.57,0.2,0.13011235316294328,0.014976609955012342,-4.6949490733250165e-05,0.204779419894445,-0.15685499186794588,0.011715751248076974
295.3999999999266,-1.969895163000047,2.009924736449429,0.985133659957238,-0.005294314859565666,-0.001027597393484158,1.5702653106004243,-0.006022777408361435,0.0013970478903502226,-0.0022305864840745926,-2.0,2.0,1.0,1.57,0.2,0.06456407555032079,0.006218786522494365,-0.00013265530021211447,0.20440653445547297,-0.15679502166404066,0.011732741553826004
295.59999999992186,-1.975383687700881,2.0120614078335346,0.9820463725618374,-0.0001442405267036091,-0.0006172332979529852,1.5702410012216215,0.0024617877788841724,0.0015943000325933099,-0.001540842466056347,-2.0,2.0,1.0,1.57,0.013348151581934115,0.026201232842390433,0.00236506751671452,-0.00012050061081070318,0.21431375256203222,-0.1567297881019306,0.01174217243919173
295.79999999991713,-1.9746936669339326,2.013381926548464,0.9817523074054725,0.00042888513969269496,-0.0007611517069326758,1.5700802958759172,0.0007535479962825775,-0.0027746842242777348,0.001731458818539977,-2.0,2.0,1.0,1.57,-0.009070252588876143,0.010568606212839388,-0.0036940398796030624,-4.014793795859006e-05,0.21498395898683925,-0.15671003569653538,0.011819588083377967
295.9999999999124,-1.9717864330277548,2.013486710633674,0.9823635989161168,0.00020040424709194936,-0.0006333658844625574,1.569951193296721,-0.00013014883734285831,-0.003898368217051029,0.0017893946496769786,-2.0,2.0,1.0,1.57,-0.014015066779451996,0.0018243803755691043,-0.0033439918760308886,2.440335163955698e-05,0.2151810752994611,-0.1567147507046064,0.01189208128927522
296.1999999999077,-1.9696700075426248,2.012871794798726,0.9833493603988704,-0.0028704685750668784,0.005684138573687614,1.5699117978756811,0.001356585999019444,0.0034779240377247334,-0.0011222268221899867,-2.0,2.0,1.0,1.57,0.0,-0.11532223028297371,0.0003531684563145539,4.4101062159462856e-05,0.2049699688178295,-0.15672465465971425,0.011955268871093171
296.39999999990295,-1.9707583273936464,2.0165252148485213,0.9808240821489916,0.0033180469959269198,-0.0029742286896624827,1.5704671524333833,0.003708589356392622,0.006384551525115967,0.0021276806946843863,-2.0,2.0,1.0,1.57,0.015679517272752005,-0.19094584718197127,-0.005051686329951222,-0.0002335762166916222,0.213106406311876,-0.15664705037582374,0.011947704957159199
296.5999999998982,-1.9684887806198044,2.0146653665514216,0.977653343782893,-0.0045053668695268405,-0.0036402263872054447,1.5702800180238834,-0.004466666374355555,-0.003712414065375924,-0.002675652038305998,-2.0,2.0,1.0,1.57,0.0,-0.039538626148794775,0.010184729464771088,-0.00014000901194166637,0.20409431677593376,-0.15670042968661269,0.0119363062023388
296.7999999998935,-1.9700943889421851,2.0135237878925927,0.9756394481803721,-0.001637385868428725,0.003863361956662218,1.5691054714608308,-0.0014396735932677984,0.006933276541531086,-0.0010423942003399134,-2.0,2.0,1.0,1.57,0.0,-0.39299085165035785,0.004023558865996461,0.00044726426958463517,0.21167798693729653,-0.1567069404530081,0.011972181873796863
296.99999999988876,-1.9699212442112186,2.0176994724039616,0.9763022927789954,0.0002251196957406665,-0.002704456309727905,1.5694880317766318,0.0071100713685154915,0.006475049536675215,0.0028743010479956865,-2.0,2.0,1.0,1.57,-0.2,-0.07656204070015521,-0.007478771664761648,0.0002559841116841488,0.203152619519809,-0.15660443962033332,0.012061474844568324
297.199999999884,-1.9714038919748742,2.0159276285877032,0.9766849540493406,0.004300307652225591,-0.0009223498368282016,1.569890262610698,0.0023853126913309097,0.009208803996443748,0.002777191810309887,-2.0,2.0,1.0,1.57,-0.08749922299703385,-0.2358509148997579,-0.006066806200573379,5.486869465098909e-05,0.21242716449205004,-0.15665705093215263,0.012118146151342518
297.3999999998793,-1.9714253434601985,2.013043735442745,0.9762020342888197,0.0018481849552766702,0.0010361735078424927,1.5703582198630586,-0.0008420588565059006,-0.0025280779227614403,0.0034631923772394657,-2.0,2.0,1.0,1.57,-0.04131434004494897,0.023057106972799016,-0.005412715248845484,-0.00017910993152925325,0.2139575271221829,-0.15670033712512338,0.012151450695891132
297.59999999987457,-1.9694910676036947,2.0132064707164496,0.9756000838730056,0.0019147857802084564,-0.009179567761086142,1.5699404802982169,-0.008034947328269482,0.0012500034645199776,-0.004375094547867775,-2.0,2.0,1.0,1.57,0.0,0.04617687007472901,0.011738249816418642,2.9759850891597495e-05,0.20422946576217874,-0.15666318211784552,0.012169568623777062
297.79999999986984,-1.9700530203147666,2.0016803825533414,0.973728071671759,0.0011871409210774163,0.004468723744330017,1.5706173983321856,-0.009885156527161598,0.0005514831282198429,-0.0009757575462572277,-2.0,2.0,1.0,1.57,0.0,-0.03459032318129174,0.00307908177325291,-0.00030869916609277404,0.2119239583916526,-0.15684354440424103,0.012177248266912691
297.9999999998651,-1.9698604734090874,2.0011260589742634,0.9743584047056151,0.0009212615928308158,3.817333907079618e-05,1.5697724520233232,0.00014061329420655966,-0.0021428242325782776,0.0004835528670810163,-2.0,2.0,1.0,1.57,-0.19598694850176648,0.2333969991502398,-0.000861193764381147,0.00011377398833845032,0.20499628980764278,-0.15673529718203952,0.012242198055474099
298.1999999998604,-1.9723408218248648,2.0012718047869957,0.9733747275292435,0.00141887511817028,-0.0002974159637604697,1.5698021023185622,0.001249021734111011,0.0007101646042428911,0.00015862329746596515,-2.0,2.0,1.0,1.57,0.008532424695104747,0.01658216525494207,-0.002570544000879325,9.894884071892651e-05,0.21420893750655454,-0.15665781041602733,0.012260894407709055
298.39999999985565,-1.971706346912686,2.001294951343782,0.973914861214177,0.00079374460111834,-0.00010561464966335029,1.569859236150055,-0.0005188224604353309,-0.0015751754399389029,0.0019716930110007524,-2.0,2.0,1.0,1.57,0.0034227640779394075,-0.014173796730522527,-0.0033688298070828626,7.038192497255125e-05,0.2148757599457597,-0.1566170172135864,0.012314382947462605
298.5999999998509,-1.9699361651869525,2.0007206559165462,0.9746852499948683,0.0007204841166066426,-2.9403348701851217e-05,1.5699340489493527,-0.0007491664728149772,-0.0023321565240621567,0.0019295113161206245,-2.0,2.0,1.0,1.57,-0.19881693300562847,0.2117665086002777,-0.003236161929058673,3.29755253236641e-05,0.2062030803470369,-0.1565994246318202,0.012359868507225596
298.7999999998462,-1.9723271836858203,2.00035637509825,0.974441069150338,0.0015364922848320425,-0.00021605624739032343,1.5696142887311133,0.000452520907856524,0.0009194203885272145,0.0028565579559653997,-2.0,2.0,1.0,1.57,0.011476873217637547,0.01777266323055482,-0.006768812266123104,0.0001928556344433785,0.21439747825125333,-0.1565769727735101,0.01237895913483953
298.99999999984146,-1.9717028081838976,1.9999125250209469,0.9749499319003827,0.0008107981491090886,-9.242246040536935e-05,1.5699598613121388,-0.0009490335360169411,-0.0016438342863693833,0.001861227210611105,-2.0,2.0,1.0,1.57,0.003941481270153427,-0.013887141952014018,-0.0030515722322999317,2.0069343930617656e-05,0.21451915651147918,-0.1565658397842227,0.012416708318818363
299.19999999983673,-1.9698468406770617,1.9990656409668284,0.9756938645778533,0.0007282353486650427,-2.1390438259817763e-05,1.570048051973261,-0.0009896305855363607,-0.0024548133369535208,0.001892021857202053,-2.0,2.0,1.0,1.57,0.2,0.21192391842484076,-0.0031462258796156007,-2.40259866304271e-05,0.2055283235018047,-0.1565613702129433,0.012453050702375172
299.399999999832,-1.9706397712418267,1.9957058291337597,0.9749970831586425,-0.0012041461347341478,0.0012229615209410733,1.5702150314830845,-0.0064855823293328285,-0.0027446839958429337,0.0006646360270678997,-2.0,2.0,1.0,1.57,-0.03195791275541166,0.006233598198733141,0.003500240453858219,-0.00010751574154221899,0.21343546508276737,-0.15660877246520682,0.012453103002980796
299.5999999998273,-1.9707299758717276,1.990401024666586,0.9747482879602121,0.002077285806520569,0.0010879351882936786,1.5694981734078495,-0.008269855752587318,-0.001754852943122387,-0.003152070101350546,-2.0,2.0,1.0,1.57,-0.005759548136098544,0.06488988234213801,0.006426485482633457,0.00025091329607529467,0.2129536301500653,-0.1566599475796259,0.012471710798300468
299.79999999982255,-1.9707953761059003,1.9866030564764372,0.9746886189574938,0.0033563041061387498,0.0015939946656793745,1.569623992313025,0.004604088142514229,-0.001911690691486001,0.00038177851820364594,-2.0,2.0,1.0,1.57,-0.10706005452820715,0.13372589313013947,-0.0016232363327116335,0.00018800384348749422,0.21239599170857762,-0.1566416481464054,0.012504009180769458
299.9999999998178,-1.971418050426144,1.9907435084358964,0.9734364350740169,0.0041709126348976186,-0.0026831709448019467,1.5706003363003473,0.0006764251156710088,0.0006935292039997876,0.0007480845670215786,-2.0,2.0,1.0,1.57,0.08620520235728929,0.14117762712531978,-0.0017467932585166451,-0.00030016815017364085,0.21208471639801013,-0.15649092520058552,0.01250934774919964
300.1999999998131,-1.9694088379536565,1.9891961707445158,0.9707705087795805,-0.003149013757027023,-0.003607694558234148,1.5696684885169239,-0.0025815200060606003,-0.0017157739493995905,0.005693929735571146,-2.0,2.0,1.0,1.57,0.0,-0.025846411893206925,-0.011264361761658915,0.00016575574153809836,0.20325840367507592,-0.1565061107186999,0.012504875064049391
300.39999999980836,-1.9697132271998878,1.9879575408870511,0.974521787839114,-0.0015146993608008122,0.0004673658774881357,1.5703449561924254,-0.006547823548316956,-0.0035718525759875774,0.011615563184022903,-2.0,2.0,1.0,1.57,0.2,0.22668829667081505,0.006810993167069953,-0.0001724780962126804,0.20347313276591258,-0.1565107976027314,0.012508349179540794
300.59999999980363,-1.966722812586846,1.9876734802612888,0.9805439218295608,-0.00037538713703482167,0.005955525134348804,1.5702028084459623,0.0013228608295321465,-0.01126016117632389,0.007365186233073473,-2.0,2.0,1.0,1.57,0.0,0.10197046926191923,0.0009525788537513417,-0.00010140422298110519,0.20156971240701577,-0.15648557983692338,0.012660662848107816
300.7999999997989,-1.963210348227673,1.9900927102794082,0.9824094721305575,-0.0017130070021445555,-0.002760135444352932,1.5699737076692915,5.0636648666113615e-05,0.0016955003375187516,-0.0026356237940490246,-2.0,2.0,1.0,1.57,0.2,-0.14389084099791413,0.009313542364197283,1.314616535430524e-05,0.19910579630447867,-0.15642173873215617,0.012679248929330495
300.99999999979417,-1.9642698769824147,1.9912255858733328,0.9819716312353549,0.002023529646085558,0.0005283814760601413,1.5692569393094,0.004897723440080881,0.004222091753035784,-3.761642437893897e-05,-2.0,2.0,1.0,1.57,-0.2,-0.0009391887649516373,0.0008984272115240095,0.0003715303453000196,0.19889677026496608,-0.15640510061970483,0.012662396346874449
301.19999999978944,-1.9702193263745666,1.991308951146605,0.9810400842455858,0.0019361054821491763,0.006416614699840302,1.569765572667326,0.0005774828605353832,0.012996026314795017,9.966462675947696e-05,-2.0,2.0,1.0,1.57,0.0,-0.30934448883066507,0.0033293012222937153,0.00011721366633699049,0.20967809388225048,-0.15641677697023945,0.012648602260008888
301.3999999997847,-1.9686507754238822,1.997326164990152,0.9799484421174411,-0.004397150225492216,0.001187535671183281,1.5694590577642544,0.0060021597892045975,-0.0003286488354206085,0.001828493201173842,-2.0,2.0,1.0,1.57,-0.2,-0.09392054748002979,-0.005675399805542318,0.00027047111787281697,0.20273691995771403,-0.15630845535018822,0.012652231755963266
301.59999999978,-1.9696482449528547,2.0033678455782717,0.9783099982051718,-0.004857696199686826,-0.0036971773260078807,1.5697494744673495,0.013163967058062553,0.006062948144972324,0.0013478593900799751,-2.0,2.0,1.0,1.57,-0.2,-0.22528295040364832,-0.0008329544758134588,0.00012526276632529587,0.20351692830168353,-0.15623352897753026,0.012654837569621687
301.79999999977525,-1.9666127876725765,2.0041107918954393,0.9777307084281626,-0.006004483128651081,0.00014352389319212676,1.5697577777483291,-0.0057846782729029655,0.002896268153563142,-0.004595577251166105,-2.0,2.0,1.0,1.57,0.2,-0.2792634623076962,0.0105806364784942,0.00012111112583546024,0.20334719590264155,-0.15630869856319288,0.012678875550255113
301.9999999997705,-1.9690767236873863,2.0040267095800273,0.9776840394783244,0.005638633421044363,-7.193124505635027e-05,1.5697279719590065,0.0006311881588771939,0.004516403190791607,-0.0010395675199106336,-2.0,2.0,1.0,1.57,-0.2,0.025990882066954102,0.0007975584344143565,0.00013601402049678857,0.203383685562085,-0.15634947059269755,0.012715433765025997
302.1999999997658,-1.971413723215087,2.0048788445162513,0.9757903025477636,0.0003611145713486101,-0.0019756500030584244,1.5694855658831968,0.004572617821395397,-0.0018999290186911821,-0.005206289701163769,-2.0,2.0,1.0,1.57,0.006171213292366112,0.061042145752328095,0.008573094888528204,0.00025721705840164866,0.21399712220512715,-0.15634678875295932,0.012714730117215037
302.39999999976106,-1.9692559769942988,2.0054159804929514,0.9758137841436271,-0.0045726369691213966,0.0029647397048732814,1.570143756733684,-0.0009355467045679688,0.0018294340698048472,0.0016951600555330515,-2.0,2.0,1.0,1.57,0.2,-0.08045320667554803,-0.005512918294796512,-7.187836684197091e-05,0.2058753262975952,-0.1563585140525697,0.012762573076267087
302.59999999975634,-1.970179109835144,2.0056385883386643,0.9750522110164207,-0.002957235460209959,0.006211655694356657,1.5703670426215508,0.0004455256275832653,0.005837563890963793,0.001364514697343111,-2.0,2.0,1.0,1.57,0.0,-0.328256991397557,-0.0016799714136362816,-0.0001835213107753697,0.21485326262648266,-0.1563700723823873,0.012780113420257276
302.7999999997516,-1.9697585823796286,2.0115474992384246,0.9751232320157978,-0.002397614448897114,-0.002256282754979132,1.5705684667423436,0.0047089518047869205,-0.0017089078901335597,0.004325801506638527,-2.0,2.0,1.0,1.57,0.008074382782531586,0.0045284985535885,-0.004809255849855084,-0.0002842333711717826,0.20708817897219584,-0.1562643436788739,0.012810379851293434
302.9999999997469,-1.9693966410748711,2.019277285652448,0.9748217887757601,-0.004430482553389544,0.0024514657550779775,1.570151372568737,0.01023278757929802,-0.0010074642486870289,-0.00025327352341264486,-2.0,2.0,1.0,1.57,0.0,-0.05113296944653545,0.0024501531493195472,-7.568628436849245e-05,0.20665803900643276,-0.15616424787533895,0.012826279130627078
303.19999999974215,-1.969491012328611,2.0255469834343036,0.9734603806901521,-0.005658236612959245,-0.000422456785304783,1.5695208501902058,0.010978342033922672,-0.0009654499590396881,-0.0012172400020062923,-2.0,2.0,1.0,1.57,-0.2,0.03650904033889213,-7.688732172995353e-05,0.00023957490489712185,0.2068406785187823,-0.15613908725852338,0.012826939559364845
303.3999999997374,-1.968565112169432,2.028906035417095,0.9709640701599355,-0.005785146780055487,-0.006596191841979493,1.5694321069321344,0.0015133675187826157,0.0020967803429812193,0.002396567491814494,-2.0,2.0,1.0,1.57,0.0,-0.18750570303298136,-0.0016966630518096774,0.00028394653393282177,0.2060603986819841,-0.15617857992136389,0.012818085657643686
303.5999999997327,-1.9696054537667746,2.027159497164409,0.972138412355327,-0.005245344233541253,-0.006915279694423684,1.56998701225031,-0.002603587694466114,0.005573606584221125,0.017033565789461136,-2.0,2.0,1.0,1.57,0.0,-0.21719891068763425,0.025500111510742517,6.493874845081571e-06,0.20615003634806728,-0.15628497143987682,0.012741679083900748
303.79999999972796,-1.9667365427374075,2.0176283122141094,0.983373265087212,-0.002758246051211092,0.0017195549817009333,1.5701417365561876,-0.012526817619800568,-0.0005909223109483719,0.011308946646749973,-2.0,2.0,1.0,1.57,0.2,-0.15324430680179138,0.001904569428749705,-7.086827809377194e-05,0.20538523341063544,-0.15648912893996492,0.01301197803967455
303.99999999972323,-1.9663774613594636,2.0097094209793904,0.9855292556177587,0.0053003860547275496,-0.002983473320848916,1.5696254364347557,-0.005361821036785841,-0.001989138312637806,0.0024689959827810526,-2.0,2.0,1.0,1.57,-0.2,0.23588328650193466,0.004320177290255377,0.00018728178262217288,0.204150567772229,-0.15656075934578845,0.013009414142307787
304.1999999997185,-1.9687000831228476,2.0068702374327976,0.9843213373715571,0.0016637900042166332,0.0064576459400198976,1.5704748828412165,0.0022582970559597015,-0.0005086237797513604,-0.003638375550508499,-2.0,2.0,1.0,1.57,0.0,0.15888839572595298,0.012048347024382965,-0.00023744142060821982,0.2046345808110512,-0.15649992728980605,0.012951969821269449
304.39999999971377,-1.970465418167383,2.0112646382647412,0.9832502790474649,-0.00180594944324377,-0.004843131665821923,1.571248943248406,0.0020955076906830072,0.007577868178486824,-0.0018052472732961178,-2.0,2.0,1.0,1.57,0.0,-0.39673362566110054,0.00881278429790986,-0.0006244716242029824,0.21422859012377726,-0.15634002517009363,0.01292683428779594
304.59999999970904,-1.9699792293867797,2.007502294493742,0.9838342044120125,-0.0005126652726352519,-0.0010820970958053842,1.5709921605651296,-0.0024833783973008394,-0.002313160803169012,0.005004607141017914,-2.0,2.0,1.0,1.57,0.17577911050471554,0.1745469313510813,-0.006059709483669204,-0.0004960802825647592,0.20823784708901358,-0.1563943256163519,0.012953530110557443
304.7999999997043,-1.9722679660017333,2.0062906919469707,0.983873281540953,0.0006846922014378561,0.0010247069169939907,1.5705427281473263,-0.0028397548012435436,0.0018582232296466827,0.0026651418302208185,-2.0,2.0,1.0,1.57,0.003311721828935232,0.021280187152412873,-0.004635393140415149,-0.0002713640736631273,0.21767867477533728,-0.15637812652672092,0.012964134535213653
304.9999999996996,-1.9725319604739626,2.005126182208988,0.9837749815708667,0.00022107088487197487,0.0006472336004012422,1.5701468632359767,-0.0009855743264779449,-0.0009249328868463635,0.0020815939642488956,-2.0,2.0,1.0,1.57,0.010555900312399415,-5.1643381888918146e-05,-0.003331927768346719,-7.343161798833986e-05,0.21868326191324156,-0.15636189140036527,0.012980719774971661
305.19999999969485,-1.9712648339554755,2.004631080532803,0.9848042690670437,0.00015107604505870356,0.0005852777429396112,1.569923328277566,-0.000504092313349247,-0.0019550721626728773,0.002231585793197155,-2.0,2.0,1.0,1.57,0.012203881402288664,-0.002399664369856799,-0.0037254416925978032,3.833586121704258e-05,0.2190206022734689,-0.15633838254324506,0.013012713989041684
305.3999999996901,-1.96967036269146,2.004532317730401,0.9862400992813039,-0.0025535302399148346,0.0018894481785615561,1.5696584055071117,0.002225002972409129,0.0007514388998970389,0.005606760270893574,-2.0,2.0,1.0,1.57,-0.2,-0.044200635813392175,-0.009872176929521507,0.0001707972464441987,0.20941648244034783,-0.15631488849847647,0.013046197804864634
305.5999999996854,-1.9703070207444835,1.999807336198906,0.9863436030481341,-0.0005107199192669503,0.0007507695634034448,1.5699313261774144,-0.004619020503014326,-0.002336888574063778,0.0020662362221628428,-2.0,2.0,1.0,1.57,-0.02894086512766435,-0.004595414720650937,-0.004395664392385034,3.4336911292842665e-05,0.21813662362154054,-0.1563883850956662,0.013046665326535483
305.79999999968067,-1.9695396916517969,1.9990050310124599,0.9845927117661191,-0.0027582243978444823,0.0014436151515265859,1.56947415869688,0.008176014758646488,-0.0020207546185702085,0.0005097594112157822,-2.0,2.0,1.0,1.57,-0.2,0.0028774097837838686,-0.004030907615810667,0.0002629206515600835,0.20786180644000932,-0.15633923681756648,0.013017157934181548
305.99999999967594,-1.9680593922654386,2.0038014171194405,0.9837024978397043,-0.0005282110781625422,-0.006059112288055394,1.570197449794422,0.0007031047716736794,0.002709526801481843,0.0011231082025915384,-2.0,2.0,1.0,1.57,0.2,-0.04189929645089461,-0.0029614559264302997,-9.872489721096667e-05,0.20582572241199276,-0.15621718805043674,0.013026844542361055
306.1999999996712,-1.9731737634636848,2.000984228559579,0.9821873545565655,-0.00045608335467848176,0.0057365931724715725,1.5696115225399103,-0.0013228151947259903,0.0033862898126244545,-0.003074425272643566,-2.0,2.0,1.0,1.57,-0.14916964121891235,0.05701141113767211,0.00542619725340365,0.00019423873004487113,0.2157572330396646,-0.1562930082324135,0.013021450973076646
306.3999999996665,-1.9739785228875675,2.0005462568158796,0.9823297345844026,0.0002536751337054393,0.00010576342364638483,1.5695470983009518,-0.0022043411154299974,-0.0019005935173481703,0.004515183623880148,-2.0,2.0,1.0,1.57,0.01343822986241735,0.027033133326644546,-0.007094528860483919,0.00022645084952410688,0.21737237772246956,-0.15628629701376137,0.013064168689984775
306.59999999966175,-1.9712941534407533,1.998721600857533,0.9831296602491041,-0.0003133327622549714,-4.280927587601268e-05,1.569957849075625,-0.0021937405690550804,-0.004109642468392849,0.002130270004272461,-2.0,2.0,1.0,1.57,0.004187691978222995,0.019559548566667202,-0.0035374817034899706,2.1075462187547522e-05,0.21808679939275377,-0.15630228443988337,0.013099930199998529
306.799999999657,-1.970516964234988,1.9962585641321406,0.982729938744953,0.005447304491440684,-0.002146660691796224,1.569814244759864,-0.01076392363756895,0.0034730895422399044,-0.004196558613330126,-2.0,2.0,1.0,1.57,0.1548604385042099,-0.15555242897581995,0.01004273960191809,9.287762006804368e-05,0.2169235943292727,-0.1563244447839282,0.01309577189160451
306.9999999996523,-1.9700253949589888,1.9896085773166363,0.9815325399198357,0.002057075335431689,0.004199133398698559,1.5697792215924824,-0.008505279198288918,0.002404391299933195,0.002227847231552005,-2.0,2.0,1.0,1.57,0.0,-0.16177720820517077,-0.0033307022331744525,0.00011038920375883166,0.2157761659533539,-0.15640665308911222,0.013095972019066766
307.19999999964756,-1.9713302512694124,1.989534308512618,0.9817096636799275,0.0018491572669394835,0.002837429288392195,1.5700003941664444,0.005092905834317207,0.0014219323638826609,-0.0006014342652633786,-2.0,2.0,1.0,1.57,-0.08018194331010309,0.09708371518663587,-8.35259475024685e-05,-1.9708322218647822e-07,0.21637932719813696,-0.15632136077790137,0.013125643775950423
307.39999999964283,-1.9696107469042585,1.9922033192792892,0.9814500953846842,-0.002684212255018166,0.0011042830802450742,1.5701101148417973,-0.00019552453886717558,-0.0028594774194061756,0.004241187125444412,-2.0,2.0,1.0,1.57,0.2,0.040500720750024005,-0.005616124551849261,-5.505742089861876e-05,0.20812610341121374,-0.15623469589648564,0.013138176353431417
307.5999999996381,-1.9718020304832218,1.9938380096371269,0.9779745547509989,0.00453150288666783,-0.0014247067806593783,1.5704989808594634,0.007722047157585621,-0.0015221519861370325,0.0015995753929018974,-2.0,2.0,1.0,1.57,-0.08294540246382456,0.10245671600990808,0.009126058107242728,-0.000249490429731658,0.21685749835838025,-0.15619313369777335,0.013081887146562896
307.79999999963337,-1.9702067377080301,1.9955944114941584,0.9762679207511366,0.004558095279404785,-0.0025001711858475078,1.5706357155318225,-0.0017186719924211502,0.0020691328682005405,0.0008101391140371561,-2.0,2.0,1.0,1.57,0.10500840129236091,-0.3000450574800658,-1.9337810988330657e-05,-0.0003178577659112003,0.21584049535179697,-0.1561747964284634,0.013098281841030537
307.99999999962864,-1.9603271022204585,1.9934364606229191,0.9720741748595374,-0.0023819244640461996,0.0013990388223228145,1.5698046209533483,-0.007869425229728222,-0.006761890836060047,0.0031234349589794874,-2.0,2.0,1.0,1.57,0.2,-0.07216179484836276,-0.001161638535314407,9.768952332589453e-05,0.20318595234474868,-0.15623447710871144,0.013067290818133386
308.1999999996239,-1.9573788991065688,1.9884878630870166,0.9720955658689258,0.0049121978287843,-0.0006441839435953973,1.570063131001464,-0.007819095626473427,0.003388006007298827,-0.0009179275366477668,-2.0,2.0,1.0,1.57,0.2,0.04655509059964277,-0.00023237824646899505,-3.156550073202258e-05,0.20100220161383645,-0.1563114147858824,0.013132864265583011
308.3999999996192,-1.9603112402546057,1.9847641529801574,0.9693595829590526,-0.0014434128950968925,-0.004795921845311077,1.570354403604985,-0.0039973184466362,0.0001804745988920331,-5.567829430219717e-05,-2.0,2.0,1.0,1.57,0.0,0.13108646081105815,-0.0073775350105058715,-0.00017720180249247708,0.20166254328388333,-0.15632343547216407,0.021115963691334946
308.59999999961445,-1.9658511352727122,1.9834980686761359,0.9687478027377542,-0.0037071510699058256,-0.003558210104672627,1.5699611312933404,-0.00010492559522390366,0.004984350875020027,0.0025135353207588196,-2.0,2.0,1.0,1.57,0.0,-0.06742536170013744,-0.0009340076749298123,1.9434353329850218e-05,0.20396168303994663,-0.15628284087658184,0.020043398204147213
308.7999999996097,-1.972361847430335,1.9829379128428144,0.9691844770307458,0.001267065430656977,0.003156880324546991,1.5698525185174048,-0.005201535299420357,0.006388904061168432,-0.000993328052572906,-2.0,2.0,1.0,1.57,0.03281494463078469,-0.056044212999680654,0.009939866755478798,7.37407412976232e-05,0.21631533877601694,-0.1562554460804043,0.01911249780512707
308.999999999605,-1.9743012063495884,1.9807632696052186,0.9677319509644662,0.00039184612827845665,0.0008222881608015654,1.5700819056493445,-0.001322794589214027,0.001501834369264543,-0.0051711490377783775,-2.0,2.0,1.0,1.57,0.0016929868407931266,-0.0027630401800862077,0.011906974429791023,-4.0952824672202404e-05,0.2189174596965199,-0.15625887023837326,0.019158613135072555
309.19999999960027,-1.9744291535645107,1.9799809826974195,0.9688614380432576,-0.00039030895639424366,3.107280926174021e-05,1.5699679836003668,-0.0006708484143018723,-0.0006519480957649648,0.00298371072858572,-2.0,2.0,1.0,1.57,0.0006241892336419185,0.010597605611167692,-0.0015518227007789516,1.6008199816619495e-05,0.2201260887608763,-0.15623556108084732,0.01826982095056513
309.39999999959554,-1.9736112950600933,1.979606687227819,0.9707519005378793,-0.0004484287946271447,3.142974394387635e-05,1.569945144490841,-0.00024608016246929765,-0.0014257924631237984,0.002456321846693754,-2.0,2.0,1.0,1.57,-0.0002104414079457475,0.009412887111207111,0.000982445095038094,2.742775457953428e-05,0.22055240650413524,-0.15621343890355852,0.009714694524952478
309.5999999995908,-1.9723207994846423,1.9795304669575071,0.9737132614618466,-0.00045990804046643785,2.978380121845348e-05,1.5699488915731121,4.2993808165192604e-05,-0.0018330435268580914,0.004662966355681419,-2.0,2.0,1.0,1.57,-0.0006381455289218819,0.009955628759677704,-0.0020792601930255707,2.555421344396791e-05,0.22054172922046733,-0.1561941657307507,0.010614005225347924
309.7999999995861,-1.9707947319495163,1.9796457794300415,0.9761983640316545,-0.00046882623561942787,2.5839550779215413e-05,1.5699597947177528,0.00022038473980501294,-0.0020278398878872395,0.0035272580571472645,-2.0,2.0,1.0,1.57,-0.0008401087571430914,0.009923828084386927,-0.0027279675130957247,2.010264112362048e-05,0.22028939779744666,-0.15617850009907983,0.011095823780644233
309.99999999958135,-1.9712810420369709,1.9793611169653407,0.9779266227667318,0.0017060664191547972,0.0014573268819233888,1.5697046999353672,0.0017970160115510225,0.006351328454911709,-0.0017871458549052477,-2.0,2.0,1.0,1.57,-0.08763993627029719,-0.04376316329364756,0.005723183486330533,0.00014765003231642648,0.2191044636294947,-0.1561766237042819,0.011342375462837968
310.1999999995766,-1.9728858745208355,1.9807473607633084,0.979335714446561,-0.0004884584424691884,-0.00029958292062021077,1.5697608835949006,0.0002337041951250285,-0.0001749463117448613,0.002323396736755967,-2.0,2.0,1.0,1.57,0.011025428429346415,0.0015061583334831617,-0.002836549012837132,0.00011955820254971883,0.2191155876654438,-0.15614499163988946,0.011474957385971651
310.3999999995719,-1.9719581972976956,1.9806730728958968,0.9807181481242775,-0.00038103876765547694,-2.601250369169018e-05,1.5699998278529148,-0.0002986797480843961,-0.0018696306506171823,0.0026991665363311768,-2.0,2.0,1.0,1.57,0.002107628248692962,0.012148595678615624,-0.003191856851544501,8.607354262668565e-08,0.2189245098275951,-0.15615101280174376,0.011540622880582729
310.59999999956716,-1.9702389233996414,1.9804214528799762,0.9820818461833456,-0.00044143884649966154,8.567982849856409e-06,1.5700743929032426,-0.00025513593573123217,-0.0023674657568335533,0.0026080110110342503,-2.0,2.0,1.0,1.57,0.0006217917196506931,0.01107567469335861,-0.003168474200154237,-3.719645162125751e-05,0.21859667584459067,-0.15615559191070083,0.011572309020580773
310.79999999956243,-1.9712003546799628,1.9826797918636556,0.9824011959533352,0.001516912941192192,-0.0022202309977758803,1.5699124604825216,0.00920475460588932,-0.0015010004863142967,0.0013668967876583338,-2.0,2.0,1.0,1.57,-0.03592641813477984,0.09085071407665754,-0.0009407487066503457,4.376975873920941e-05,0.21732209421262114,-0.1561005729123797,0.011563798573187964
310.9999999995577,-1.9695193740959063,1.9864917508218916,0.9831861730772945,-0.002150962847311422,0.004130023617734624,1.569940282235628,0.004971678834408522,-0.0007098761852830648,0.0036354479379951954,-2.0,2.0,1.0,1.57,0.0,-0.0014739122673269696,-0.006798544468315475,2.9858882185984648e-05,0.20786545277047475,-0.15605665646455244,0.011570781455893133
311.199999999553,-1.9689546812198364,1.9883453718445447,0.982002826812562,-0.004234279086371479,-0.0015581682882392055,1.5697650150383329,-0.0009201155044138432,-0.005866929888725281,-0.005967058707028627,-2.0,2.0,1.0,1.57,-0.2,0.13324206338459404,0.012447974996272723,0.00011749248083359198,0.2069347300221351,-0.15607127719462913,0.011528776725993244
311.39999999954824,-1.9685586134406394,1.988017773672099,0.9822579569615663,-0.00446441650333505,-0.0022882777808337436,1.5696447841777712,0.005390034522861242,-0.008676432073116302,-0.0020295348949730396,-2.0,2.0,1.0,1.57,0.0,0.21935579225724305,0.0037388820712715605,0.0001776079111144302,0.2062052342215348,-0.1560975266852718,0.011531135066094995
311.5999999995435,-1.970024532832097,1.9912729142351175,0.9810178285160656,-0.0012177321056783905,0.0018082591513882927,1.569769769677793,0.0051271612755954266,0.007274280302226543,-0.004355398006737232,-2.0,2.0,1.0,1.57,-0.04737756197567867,-0.34968401223601364,0.009606566856691204,0.00011511516110351838,0.21407669895735,-0.15605555036293595,0.011498996492346876
311.7999999995388,-1.9696363472422687,1.9949647479079775,0.9809600040087685,-0.0030595810970014325,0.002032166712311445,1.569909967425518,0.00425479281693697,0.0009902074234560132,0.005641910247504711,-2.0,2.0,1.0,1.57,-0.2,-0.07991511832836094,-0.009521936918111708,4.5016287241073094e-05,0.20644378358014523,-0.15603014868211995,0.011509286625817244
311.99999999953405,-1.9693302903239391,1.991059708344936,0.9802012858684541,-0.005195426864491684,-0.0031127878629937105,1.5704749425587925,-0.006736375391483307,0.0007456110324710608,0.002822204725816846,-2.0,2.0,1.0,1.57,0.0,-0.11374032239325349,-0.002530925765597474,-0.00023747127939621748,0.20665012037586422,-0.15615597445361365,0.011493348759449837
312.1999999995293,-1.9700978358674852,1.9897508019149428,0.9791751634858611,0.002471377005074377,0.00034982085564489097,1.5699766236080013,0.003195261349901557,-0.00551789253950119,0.0010515524772927165,-2.0,2.0,1.0,1.57,-0.01659049440857467,0.07795580037774442,0.0005509253193353917,1.168819599939308e-05,0.21643515997146726,-0.15615794402626715,0.011478804670232915
312.3999999995246,-1.9697812698592627,1.9907520051965815,0.9772199691837372,-0.002511882367434849,0.0048889173917149925,1.5707912818429546,0.0010720461141318083,-0.0015086858766153455,0.002016278449445963,-2.0,2.0,1.0,1.57,0.0,0.10132366296784934,0.0007088939611258078,-0.00039564092147725827,0.2059994151949187,-0.15613296619708347,0.011448991669269378
312.59999999951987,-1.9739822823029793,1.9908907336780786,0.9776340221910826,0.00034400448966143273,0.0003051982532413615,1.5707981878828072,-0.0001682944712229073,0.0007047379622235894,-0.0009918686700984836,-2.0,2.0,1.0,1.57,-0.018954173126931703,0.04593978183026514,0.0006333324633924142,-0.00039909394140358323,0.21607498770656366,-0.15613101526063705,0.011477520352481705
312.79999999951514,-1.9729506890684338,1.991137542334401,0.9771391954791737,-0.00022973345129050966,2.430493848853892e-05,1.5698363380947133,0.0004888492403551936,-0.003073359141126275,0.0022735297679901123,-2.0,2.0,1.0,1.57,-0.003899494690055076,0.020707882620006206,-0.003053636450549113,8.183095264335805e-05,0.21699673556539484,-0.15612365916409615,0.01147574381126376
312.9999999995104,-1.9700088831717146,1.9915393413178235,0.9784045456007067,-0.00039545882107374107,1.2326108502465271e-05,1.5697895834217603,0.0004826831864193082,-0.003907958045601845,0.0025733583606779575,-2.0,2.0,1.0,1.57,-0.0020589348638707485,0.01569565963246772,-0.0032741058823962054,0.00010520828911986246,0.21730836186073618,-0.1561157989461629,0.011497453383226561
313.1999999995057,-1.96986033647684,1.993446057856209,0.9785685794188693,6.43128911038069e-05,-0.004197406770092828,1.5703248756006438,0.0031998599879443645,-0.0066559589467942715,-0.0016565604601055384,-2.0,2.0,1.0,1.57,0.2,0.3748955398712006,0.0025339862105597157,-0.0001624378003218796,0.20735950372309542,-0.15607615568642091,0.011481506958531586
313.39999999950095,-1.968823291272218,1.994998645061311,0.9785475963792872,-0.004921924950790858,0.00497938428739344,1.5701165619141497,0.0020521823316812515,-0.008429042994976044,-0.0041623604483902454,-2.0,2.0,1.0,1.57,0.0,0.20375920881844795,0.008033222777903214,-5.828095707482994e-05,0.20628371465069525,-0.1560710759748541,0.011469567407951917
313.5999999994962,-1.9685925105551725,2.0006101953237243,0.9776574820079295,-0.0022726947528349463,-0.003377518066331103,1.5702780405947623,0.006619041785597801,0.003752752672880888,0.001129372976720333,-2.0,2.0,1.0,1.57,0.0,-0.12500751795374362,-0.00017901980187625354,-0.00013902029738110944,0.20473271863009798,-0.15598909736611488,0.011447212813753889
313.7999999994915,-1.9703029953000961,2.006217005174066,0.9771995251704536,-0.0016143271486723115,-0.00045119984491168104,1.5700058338873122,0.007926097139716148,0.0004398641176521778,0.004944298416376114,-2.0,2.0,1.0,1.57,0.009726581775040941,-0.036216421214254245,-0.00809608247072468,-2.9169436560616546e-06,0.2151363366763631,-0.1559391120610066,0.011441644002450253
313.99999999948676,-1.969804340252501,2.009987575109635,0.9778605102078468,-0.0036413832904186915,0.0017095454775456014,1.56980705268176,0.004259136505424976,0.0018080977024510503,0.005619384348392487,-2.0,2.0,1.0,1.57,-0.2,-0.07430076859893497,-0.008825261580378276,9.647365912002215e-05,0.2069624391302584,-0.15595557303969523,0.011460052050726583
314.19999999948203,-1.9723286795715453,2.0094153768025853,0.9765934652412845,0.0012067664461556593,0.0001840293069296111,1.569897932083899,-0.0002862804685719311,-0.0003356591914780438,0.0012267359998077154,-2.0,2.0,1.0,1.57,-0.017486286461666736,-0.0025418366800632787,0.0020052033619216017,5.103395805050592e-05,0.2165578589988248,-0.1560416202076752,0.011425319598022444
314.3999999994773,-1.9710578713329192,2.009010229313101,0.9779800100334649,0.0008083128283832391,-9.19811080223366e-06,1.569777177704057,-0.0001957432832568884,-0.002379846991971135,0.0024935617111623287,-2.0,2.0,1.0,1.57,-0.0027430697778445816,-0.011784953774557187,-0.0034423649066144535,0.00011141114797152962,0.21697987280747166,-0.15608232182051288,0.01145216574064321
314.5999999994726,-1.970621765573967,2.009164986730331,0.9782457772423835,0.003511751951794051,0.005416023200113987,1.5693501647882175,0.007279824931174517,0.0054627759382128716,-0.002525673247873783,-2.0,2.0,1.0,1.57,-0.1884187046570858,-0.11973918911596182,0.009892364999840256,0.00032491760589126173,0.21590372007194453,-0.1560912483482606,0.011438742669927775
314.79999999946784,-1.969933085014807,2.015447319082409,0.9790106874261338,0.0008126879268421457,-0.001131704135915764,1.5692513539763742,0.0035008525010198355,-0.002141845878213644,0.004797615110874176,-2.0,2.0,1.0,1.57,0.2,0.19650552957945103,-0.006705168102869599,0.00037432301181294925,0.20752622121919675,-0.15599343716200234,0.011446364815540086
314.9999999994631,-1.9715256004547865,2.0187760536792734,0.9784818214448112,0.0013303188709559335,0.0006150082600003829,1.5702973186983042,0.001174889737740159,-0.0010305928299203515,0.002248113276436925,-2.0,2.0,1.0,1.57,0.005987356197763444,0.053977967945684435,-0.0025835612354699654,-0.00014865934915209156,0.21571045008510875,-0.15599134814631185,0.011419107301350203
315.1999999994584,-1.969570213240904,2.0198921309515168,0.9797589508341364,-0.0016144151404929802,-0.0025388028814766306,1.5703004962990914,-0.0019137593917548656,-0.0011338863987475634,0.006390716880559921,-2.0,2.0,1.0,1.57,0.2,-0.013033072511716422,-0.00978045785632592,-0.00015024814954567312,0.2064851404326851,-0.15602746499466763,0.011437910566674696
315.39999999945366,-1.9695185172396084,2.023392504787523,0.9782644618003341,-0.0010740634144841554,0.00262245004713168,1.5697037694077407,0.0035942872054874897,0.0036420547403395176,-2.2577187337446958e-05,-2.0,2.0,1.0,1.57,0.0,-0.10201817949518584,0.005902580541218858,0.00014811529612968055,0.20516154882318238,-0.15600011062373578,0.011388836582301928
315.5999999994489,-1.9707408841091363,2.0241907323011894,0.9772008433310465,0.005788052109068386,-0.003885784161235563,1.5701049741817747,-0.0027187347877770662,0.006541679613292217,-0.0006089931703172624,-2.0,2.0,1.0,1.57,0.11834257971635304,-0.17560566922055332,0.0050243960656598105,-5.248709088734316e-05,0.213212314207602,-0.15603634991762083,0.011372779351561299
315.7999999994442,-1.9698643693384628,2.020605341306219,0.9758987470944939,0.001424222701766787,0.004863791114311448,1.5698245797166157,-0.002303061541169882,0.006975157186388969,0.0023857327178120613,-2.0,2.0,1.0,1.57,0.0,-0.10057315041249287,-0.002358323685022508,8.771014169217661e-05,0.20469324426823918,-0.15613245464783257,0.011358669319877803
315.99999999943947,-1.960066103422598,2.0207062629047785,0.9744097558182896,-0.0051055414249708275,-0.0015238247103637127,1.5700342825671882,0.004478290677070618,-0.010762094520032406,0.0033827191218733788,-2.0,2.0,1.0,1.57,-0.2,-0.10533073541511488,-0.004958634343006433,-1.714128359409095e-05,0.2014671524052356,-0.15611419203727536,0.011350330594402073
316.19999999943474,-1.9559633862524675,2.0231014387636836,0.973668508452473,-0.0030080522415360973,0.004263275558552784,1.5697162668468632,0.000406923471018672,0.007205428089946508,-0.002627117093652487,-2.0,2.0,1.0,1.57,0.0,-0.1503111668467628,0.006193185347454855,0.00014186657656845014,0.19913626738620288,-0.15606932041558644,0.011351794740321348
316.39999999943,-1.9617354146722468,2.0211212817847195,0.9721259427198788,0.0029834316033918026,0.0028217253107561085,1.5699095074643923,-0.005141954869031906,0.01094132475554943,0.001879703369922936,-2.0,2.0,1.0,1.57,0.2,0.06494536643922459,-0.002067520382061265,4.524626780388896e-05,0.20068898764674442,-0.15612483558536422,0.011344174484090808
316.5999999994253,-1.9680135553322282,2.0198097561381547,0.9699724755645428,-0.002368084736732259,-0.004436368430782075,1.57020303767634,-0.005008945241570473,0.01485004834830761,-0.007683585397899151,-2.0,2.0,1.0,1.57,0.2,-0.22942249439193219,0.03801063435744602,-0.00010151883817000051,0.20344573946801384,-0.15613907680819902,0.019629025209777204
316.79999999942055,-1.9710067062630663,2.0234873178795025,0.9640398872982705,0.00045989650299181064,-0.001672163148014077,1.5696879168950193,0.004803551826626062,-0.004283169284462929,-0.0013217359082773328,-2.0,2.0,1.0,1.57,0.03051656631266027,-0.003827922239549496,-0.004655500317672631,0.00015604155249038243,0.21617834026875335,-0.15604436847821457,0.019966862650740304
316.9999999994158,-1.9700264852884057,2.0244385481574705,0.9624753736855798,0.0025051286743683456,-0.0026048575063825114,1.5700710871207069,0.0005428680451586843,0.0032322993502020836,0.0008916890947148204,-2.0,2.0,1.0,1.57,-0.050359578439763075,-0.24696039602405254,0.0032081317670724597,-3.554356035340156e-05,0.21641921725791669,-0.15605479832465147,0.019153009808062622
317.1999999994111,-1.9723022111969633,2.0225463043072858,0.9634937761437924,0.0020360372863083074,-0.0007831674859864417,1.57049381505036,0.004708611406385899,0.0017883983673527837,-0.0001962012320291251,-2.0,2.0,1.0,1.57,-0.07667718270793271,0.07869986424967443,0.008726279367105811,-0.0002469075251799735,0.2177972865995674,-0.15610042046042885,0.018022954033713536
317.39999999940636,-1.9704254867630995,2.0255526075006887,0.966035759701851,0.001007969357704693,6.139113459831114e-05,1.5701840058650276,0.0034224253613501787,-0.0036494594532996416,0.005460930056869984,-2.0,2.0,1.0,1.57,-0.01842223183405613,-0.0028609960205823043,0.002757604778449398,-9.200293251376834e-05,0.21917992366943134,-0.15604273064081642,0.016770262584561
317.59999999940163,-1.9689566951739919,2.031216092383899,0.9674946777132352,0.005418540142979222,-0.006636835945355539,1.570099686701663,0.014370373450219631,-0.012182792648673058,0.0020740043837577105,-2.0,2.0,1.0,1.57,-0.5484166990280854,-0.11481219895479178,0.02228737524359263,-4.984335083146885e-05,0.20915266747432806,-0.16513966179647693,0.015999364061113686
317.7999999993969,-1.9585925425816373,2.006117057562656,0.9653649330429188,0.0014236421974037998,0.007608249792403437,1.5698469904041805,-0.03747377544641495,-0.0016846675425767899,-0.014064045622944832,-2.0,2.0,1.0,1.57,0.0,0.048594504599933294,0.006067159384416434,7.650479790977105e-05,0.20437114907047005,-0.15726461272243877,0.016322447019546226
317.9999999993922,-1.9596340645064936,1.9859104380315669,0.9591153476745783,0.0019287862823113334,-0.0025976686006528023,1.5701790453027602,-0.019958581775426865,0.00983596220612526,-0.0015547499060630798,-2.0,2.0,1.0,1.57,0.2,-0.03308541562079839,0.00681169751689823,-8.952265138006954e-05,0.20362082044655516,-0.15691932106355808,0.01725148527128463
318.19999999938744,-1.9678383388169913,1.9768068141488495,0.9593462034545225,-0.00019513236506384625,0.006325212196636367,1.5704385836142727,0.0006078097503632307,0.006116222124546766,0.005182797554880381,-2.0,2.0,1.0,1.57,-0.2,0.10078412944452614,-0.000578243981549157,-0.00021929180713631258,0.2062847502003046,-0.1565189719393367,0.016532201673332164
318.3999999993827,-1.9695310283028036,1.9782008370212425,0.9602068867127888,-0.005044390110346237,-5.858138104974994e-05,1.5700050406376636,0.0036954269744455814,-0.0013444337528198957,0.006756809074431658,-2.0,2.0,1.0,1.57,-0.2,0.07932128111305986,0.0055386112933133395,-2.520318831744639e-06,0.20890723903831754,-0.15611917914685786,0.015766741986892138
318.599999999378,-1.9700563261506503,1.9762726272860738,0.9638990436027576,-0.0016554423025760586,-0.0007905737101521847,1.5694943295657637,0.0018435250967741013,-0.003031128318980336,0.00566051434725523,-2.0,2.0,1.0,1.57,-0.022872056611500408,-0.03730312866281025,0.002137112505197724,0.0002528352171181636,0.21987879274202338,-0.15595262182346561,0.014395616442745396
318.79999999937326,-1.9675662785640373,1.975236962310925,0.9670175177524809,-0.007734271398888173,-0.004830566705388057,1.5702606090127187,-0.0045977383852005005,0.004943379666656256,0.0005750978598371148,-2.0,2.0,1.0,1.57,0.0,-0.28542166588185053,0.01446331054281036,-0.00013030450635931334,0.20965217288391533,-0.15584957488627618,0.013288559680837019
318.9999999993685,-1.9706698890188257,1.9759426215789737,0.9695827630089769,0.000501735423073173,-0.002337448125334249,1.5698983009025647,0.006342408247292042,0.0007239198312163353,0.003782907733693719,-2.0,2.0,1.0,1.57,0.03338758607085399,-0.006305056687054781,0.00981480307611274,5.0849548717701865e-05,0.22024690323218293,-0.1557378308647701,0.012370209123505074
319.1999999993638,-1.9701451146449938,1.9791997002211865,0.9722234012003494,0.0006468938251133356,-0.0003102371561138396,1.569625506096107,0.002926008077338338,-0.0010242831194773316,0.009240768849849701,-2.0,2.0,1.0,1.57,0.003424154824328265,-0.020492925089745033,0.0023019522159042584,0.00018724695194649588,0.2217841535210876,-0.15564585759239796,0.004363068061974752
319.39999999935907,-1.9727969343877882,1.980644295831788,0.9766832213746159,0.001631438726103547,0.0014453666008324767,1.5703889768297032,-0.0008428919827565551,0.003326816251501441,0.00814096350222826,-2.0,2.0,1.0,1.57,-0.009915646969611537,0.0301408205911184,-0.004055333743081815,-0.00019448841485159019,0.22172055778823338,-0.15563013356146654,0.005265647303945608
319.59999999935434,-1.9729183164472786,1.9805778304421673,0.9788274266836609,0.0007492216086305049,0.00024308296253967295,1.5699376776864944,0.0006974925054237247,-0.0009506662026979029,0.004377426579594612,-2.0,2.0,1.0,1.57,-0.012193500347802285,-0.01604161729679638,-0.002717806403817845,3.116115675283471e-05,0.22220288235613608,-0.15564259711219652,0.005706039598667868
319.7999999993496,-1.9716734940168787,1.98141067978435,0.9815227551571257,0.0006938278884680735,4.39494455744469e-05,1.5701001676751685,0.0011295424774289131,-0.001679510110989213,0.004172255285084248,-2.0,2.0,1.0,1.57,-0.004383182246663885,-0.017004025659372507,-0.002170263813509966,-5.008383758420276e-05,0.2222233465474673,-0.15563257596609548,0.005934091742125934
319.9999999993449,-1.9700642431022053,1.9822884558038567,0.9840333608234272,0.0006686944057278662,5.642188149742961e-06,1.5701305067958726,0.0009404211305081844,-0.0019112091977149248,0.0039044064469635487,-2.0,2.0,1.0,1.57,-0.0025031269958665195,-0.01758813682042361,-0.0023076719281805986,-6.525339793628238e-05,0.22197625896300066,-0.15562559826534159,0.006032593588524207
320.19999999934015,-1.9711202017170832,1.985861621408213,0.985498268124928,0.0007400392997293971,-0.0029495084362469175,1.5698907273945912,0.008370064198970795,-0.0021090367808938026,0.0032151304185390472,-2.0,2.0,1.0,1.57,0.01838932925971716,0.05543314296433495,-0.00032244703800117167,5.4636302704413886e-05,0.22079731505396696,-0.15556125104443558,0.0060414836690863725
320.3999999993354,-1.9696825230374053,1.989888853532371,0.9874814323854569,-0.0049501267875157245,-0.0040771410534421685,1.5701232588399012,0.0025179923977702856,0.002989542903378606,0.0033471204806119204,-2.0,2.0,1.0,1.57,-0.2,-0.09032423235924314,-0.005138453377129544,-6.16294199505818e-05,0.21105497603695592,-0.15553081250989748,0.00604036907506897
320.5999999993307,-1.9694508669443764,1.9867819123404176,0.9866685498367115,-0.005612645805562124,-0.004130825729583254,1.5698653133210616,-0.004385469481348991,0.001813955488614738,0.005555691663175821,-2.0,2.0,1.0,1.57,0.0,-0.14338944948005067,-0.006289584293806949,6.734333946922799e-05,0.21040387832137714,-0.15563900255571855,0.005967078603179451
320.79999999932596,-1.9705989932188963,1.9850011455795618,0.9849070745584286,0.002680369233069894,0.00017236012741348393,1.569406400206772,0.0006676181219518185,-0.006356715224683285,0.0024861167185008526,-2.0,2.0,1.0,1.57,0.003528010390965522,0.10403695136967173,0.0036212009682407113,0.0002967998966140195,0.21964166883471117,-0.1556650422543542,0.005883608102842832
320.99999999932123,-1.9692391487484815,1.9839595829890846,0.9833600325692857,0.0005935993385193777,0.0026787126174053393,1.570501982629309,-0.003010667162016034,-0.00249489420093596,-0.0009762385743670166,-2.0,2.0,1.0,1.57,0.0,0.1908137456891694,0.0082795819321132,-0.00025099131465444735,0.20889199639991402,-0.1556757989647079,0.005820422842916143
321.1999999993165,-1.9704286248010814,1.9792697926028497,0.9834667938641043,-0.0005351225596113506,-0.001318913806093667,1.5703661248864915,-0.000748673512134701,-0.002257987391203642,0.0006502219475805759,-2.0,2.0,1.0,1.57,-0.05389099164901574,0.011052802871397222,0.0053870385165152475,-0.0001830624432457295,0.2182949346277998,-0.15574293314027593,0.005793030174684203
321.3999999993118,-1.969592121109543,1.9780670013631065,0.9861258290752203,-0.0010731345331713876,0.004372809314711318,1.5698950042978526,0.00225256709381938,8.941884152591228e-05,0.0032282210886478424,-2.0,2.0,1.0,1.57,-0.2,-0.023688128006150833,-0.0032997833922988667,5.249785107375171e-05,0.20957164685610172,-0.1557154859736976,0.005808928271530943
321.59999999930704,-1.9693831634553485,1.9752652635535188,0.98650834257879,-0.005452679105433172,0.0022068287794982763,1.5702748189143316,-0.001985815353691578,0.0003231699811294675,0.0016457238234579563,-2.0,2.0,1.0,1.57,-0.2,-0.11238832584026681,-1.798725175197269e-05,-0.00013740945716578246,0.20934300507444076,-0.1557322423075787,0.005754303680014417
321.7999999993023,-1.9619656471077571,1.9732591224916871,0.9860371205478726,-0.0057937126626937795,-0.002060856232231494,1.5699589036649089,0.0008009243756532669,-0.018683087080717087,0.0013836361467838287,-2.0,2.0,1.0,1.57,-0.2,0.10839509875310632,0.004922781064490636,2.054816754559763e-05,0.20632591922062346,-0.15571747546682396,0.005683629670083178
321.9999999992976,-1.9569006004671872,1.9713049209986397,0.9863093927134424,-0.005250511805030008,0.0021277262879760366,1.5699104542602014,-0.00023124716244637966,0.0023473494220525026,0.0006607850082218647,-2.0,2.0,1.0,1.57,-0.2,-0.15188906507529085,0.0016059983621950545,4.477286989934548e-05,0.2034145576458817,-0.15570875189983802,0.005639777810548188
322.19999999929286,-1.961782626618377,1.970113014832207,0.984994886860186,0.005474535170312722,0.004807802633707179,1.5711892846968252,0.0001589630264788866,0.004157653544098139,-0.0029403429944068193,-2.0,2.0,1.0,1.57,0.0,0.20098898887932853,0.008578276049238777,-0.0005946423484125551,0.20441336369732613,-0.15568741901213828,0.005567315195051209
322.3999999992881,-1.9669927537220027,1.970884455994251,0.9842862496543661,0.0005192185285063451,-0.003535354940162943,1.5696299657212873,-0.00012152479030191898,0.004879910498857498,-0.0018907607300207019,-2.0,2.0,1.0,1.57,0.0,0.14432620342162744,0.011329496806721222,0.00018501713935636932,0.20650605307019151,-0.15564113469775145,0.005518678659501742
322.5999999992834,-1.9716402641083408,1.970673612387404,0.9844557120420288,0.0006233484112634168,0.0025154564224179276,1.5695249792896793,-0.004743643570691347,-0.0008990622591227293,0.0038780339527875185,-2.0,2.0,1.0,1.57,0.04263846053671022,0.021560759045455007,-0.0030304032088495966,0.00023751035516039742,0.21871265985109062,-0.15563477000407733,0.005497918743504281
322.79999999927867,-1.970664151382647,1.972911602316854,0.9861335670127228,0.0022328947865561523,-0.0012066220606069234,1.5696994362655339,0.0061403000727295876,-0.0016957097686827183,0.005563115701079369,-2.0,2.0,1.0,1.57,0.04443475917438886,0.010467345729490506,-0.004638976552731081,0.000150281867233093,0.22110250777068624,-0.1547100506574969,0.005489211699522037
322.99999999927394,-1.97000339160114,1.9740711017678185,0.9877259451603598,0.0016160333051763464,0.001622677402789106,1.5702164213320773,-0.0061572240665555,0.0016383843030780554,0.0013137347996234894,-2.0,2.0,1.0,1.57,0.06038834331507717,-0.1586603357917809,0.0038046545896732184,-0.00010821066603861063,0.2203342865619465,-0.15525712062443345,0.005462599913084545
323.1999999992692,-1.9716644744319967,1.9723868449984776,0.9889752300615048,0.002352935676604815,0.0007065086471342054,1.5702735245922674,-0.004388938192278147,0.0011863316176459193,0.005540492013096809,-2.0,2.0,1.0,1.57,0.010232924252474407,0.04899819378671974,-0.004901369030675135,-0.00013676229613368562,0.22141087320739503,-0.15560493414475668,0.005429939317155419
323.3999999992645,-1.9699661526834735,1.9704670472646832,0.988911879546211,0.00034184760469556873,0.000642750721132957,1.5705639369562054,-0.001588872168213129,-0.003725223010405898,0.004359172657132149,-2.0,2.0,1.0,1.57,0.19034959978619043,0.21326126297052445,-0.004410484149942164,-0.0002819684781026899,0.21342640710108876,-0.1557964062807367,0.00537357690785408
323.59999999925975,-1.9696284434484495,1.9670028975510028,0.9885106189684709,-0.008135392243866424,0.004442411468779832,1.5700508313944284,-0.003273598151281476,-0.0011814606841653585,0.0012380938278511167,-2.0,2.0,1.0,1.57,0.0,0.2,0.002493539839825183,-2.541569721414838e-05,0.21230334422627817,-0.14474719629724264,0.005308810888221452
323.799999999255,-1.980977099790667,1.970002503034975,0.9887501565735708,0.0016659144955459167,0.004863963927901637,1.5697280106347278,0.009558642283082008,0.0033597322180867195,0.0005465516587719321,-2.0,2.0,1.0,1.57,-0.24450301863711138,0.19076040689877508,-0.002089670625982974,0.00013599468263614245,0.22141867545181532,-0.1527894171903241,0.005279631118105514
323.9999999992503,-1.9827349813143653,1.9731690408520655,0.990121016896381,0.0011546301765614447,0.00021033064340494773,1.5701480600355486,0.002834594575688243,-0.002733836881816387,0.0049309502355754375,-2.0,2.0,1.0,1.57,-0.0006152509123561779,0.02240306987508689,-0.003295748341133574,-7.403001777428475e-05,0.22183485079693424,-0.1547695784834107,0.005266096161317394
324.19999999924556,-1.9790316802763595,1.9748956159456688,0.9920506783716272,0.0008622057406024162,-1.8589394391636897e-06,1.569961870585418,0.001830523950047791,-0.0052242642268538475,0.0034190264996141195,-2.0,2.0,1.0,1.57,-0.000196825876391139,-0.0053692867799663875,-0.0022571926188795144,1.9064707291072125e-05,0.2218940873732732,-0.1558937114405556,0.005250305874703949
324.39999999924083,-1.9746094508222152,1.9762602306575972,0.994242868196016,0.0006884199242478377,3.0457720154516173e-05,1.5699966368593605,0.0014915579231455922,-0.0049350569024682045,0.0036360882222652435,-2.0,2.0,1.0,1.57,-0.0003793249002013812,-0.011639895833052149,-0.0027165258483057143,1.6815703197670118e-06,0.22167528124322988,-0.15652640221014139,0.005229715800681832
324.5999999992361,-1.9707741627541304,1.9773983276224267,0.9964134460870849,0.0006366625365402586,3.092476700122971e-05,1.5700068181180862,0.0012603524373844266,-0.004035545513033867,0.003596024587750435,-2.0,2.0,1.0,1.57,-0.00020937951183752282,-0.01512978862094709,-0.002656358569954279,-3.4090590430579937e-06,0.221285366729632,-0.15688458152959348,0.005202059407871571
324.7999999992314,-1.9705641352093966,1.9791447958680621,0.9975832272400442,0.004362109742703705,-0.0019197811122048018,1.5700222623269904,0.00704050250351429,0.002603389322757721,0.0013833438279107213,-2.0,2.0,1.0,1.57,-0.0493942585224245,-0.050614665352522736,0.0051087175164708,-1.1131163495159413e-05,0.21927102499321188,-0.15707031114281367,0.0051468727081688806
324.99999999922665,-1.9698894764344412,1.9789778311748396,0.9997043042037602,-0.002334609777274352,-0.004308568656098636,1.5699491528933058,-0.002954514231532812,0.0005573268281295896,0.004553355276584625,-2.0,2.0,1.0,1.57,0.0,-0.01680807409456251,-0.005330779124445589,2.542355334711477e-05,0.2102371941239672,-0.1572192565820765,0.005127643932589983
325.1999999992219,-1.9696813273166733,1.9761984695421981,1.0017018357462797,-0.0022632382607980076,-0.0026184893090954436,1.5704954946719434,-0.0036617503501474857,0.00023936841171234846,0.006848656572401524,-2.0,2.0,1.0,1.57,0.2,-0.033155397962430784,-0.00976137509687158,-0.00024774733597165977,0.20963660417617777,-0.15734422542541293,0.0050989949848415286
325.3999999992172,-1.9696192851210208,1.9798773634479674,1.0026050457725477,-0.004041832537622307,0.003415284692777164,1.569773304214486,0.00698737520724535,0.00037228199653327465,0.003716927021741867,-2.0,2.0,1.0,1.57,0.0,-0.06572438187808283,-0.00211604331478069,0.00011334789275707635,0.2092859565443428,-0.15729690635599985,0.005047382977874602
325.59999999921246,-1.9705024460674119,1.9823241236597202,1.0020598229989957,-0.0007998670415197165,-0.00011030278989827575,1.5702292077754973,0.002140925731509924,-0.004213413223624229,0.0021240338683128357,-2.0,2.0,1.0,1.57,-0.013138803028396956,0.008150747369252257,0.0033444278580214296,-0.00011460388774864327,0.21862561191881802,-0.1573088220569807,0.004974529942097603
325.7999999992077,-1.9682200334720363,1.985211794057143,1.0035462063490208,-0.0037016182480683517,0.0014956651600216394,1.5696974141139761,0.00014021398965269327,0.002612781710922718,0.0005639209412038326,-2.0,2.0,1.0,1.57,0.2,-0.04120271718087955,0.0010483829708440823,0.00015129294301197138,0.2076636291938646,-0.15730705399441633,0.00495913272626158
325.999999999203,-1.969479183787868,1.987398566631625,1.0030510882761936,-0.004183715358287103,-0.0017543577089666296,1.56990849106049,0.0024335794150829315,0.004219030030071735,0.0015220108907669783,-2.0,2.0,1.0,1.57,0.2,-0.1430722413130307,-0.00032448363187107193,4.575446975507713e-05,0.20702987609822082,-0.15732000489831738,0.0049056087793390045
326.19999999919827,-1.9718183029887684,1.9869952448929717,1.002960583531304,-0.0014611907593464922,0.00045952846802173195,1.570579202491411,-0.006015200633555651,0.0005957824178040028,-5.8520625316305086e-05,-2.0,2.0,1.0,1.57,-0.003006901136530217,-0.03320343248734047,0.0011377967713358077,-0.00028960124570542867,0.21773560522319374,-0.15739040715284364,0.004868409742484569
326.39999999919354,-1.9705232843074245,1.9845271483710603,1.0028911662025566,0.0004433822604187569,0.0012290648162605253,1.5699450049831165,-0.0008301864145323634,-0.004014201462268829,0.003432142548263073,-2.0,2.0,1.0,1.57,-0.004317272702021601,0.014712601294187786,-0.004138929552222431,2.749750844177612e-05,0.21890309855206863,-0.157454610535928,0.004840928395476554
326.5999999991888,-1.9698447527923342,1.987145316478327,1.0038059303563396,0.0034321817335831325,-0.003990384149921617,1.5701843263930566,0.008610457181930542,-0.006937566678971052,0.0019868856761604548,-2.0,2.0,1.0,1.57,-0.2,0.2928944381599519,0.0008799344799600528,-9.21631965282721e-05,0.20934015192528246,-0.1573928152763206,0.004820844467643874
326.7999999991841,-1.966586993296483,1.9904063434926533,1.0029649267294865,-0.0038896080425221617,0.004573134813215663,1.5694018897846438,0.0021984244231134653,-0.0013454270083457232,0.004672756418585777,-2.0,2.0,1.0,1.57,0.0,-0.08317749491672327,-0.006005960142141867,0.0002990551076781367,0.2067660512166142,-0.15736834625548932,0.004775114928075796
326.99999999917935,-1.9694193127452535,1.9927788031089815,1.0018340225693345,0.0003630237116755272,-0.0031896563294983643,1.5705438702546608,0.00166392233222723,0.0068570030853152275,0.003276319243013859,-2.0,2.0,1.0,1.57,0.2,-0.06763272892129711,-0.0016274440832362304,-0.0002719351273303694,0.20688940522171617,-0.15736585031121134,0.004729515374041291
327.1999999991746,-1.9701975494307564,1.9980521187676226,1.0022115151195574,-0.0002570288215732107,0.00027364918267477114,1.570007473326936,0.007121657952666283,-0.0015020656865090132,0.0018410265911370516,-2.0,2.0,1.0,1.57,-0.002707810501416474,-0.014267154063867658,-0.0014190867116013377,-3.7366634679791844e-06,0.21796310299293292,-0.15731110805913193,0.004721443261907223
327.3999999991699,-1.9692793071636374,2.0022233539296863,1.0027030140337878,0.006357555767378081,-0.0011422020000043792,1.5699938977869496,-0.0009634210728108883,-0.008547788485884666,-0.001480034552514553,-2.0,2.0,1.0,1.57,0.2,-0.20268327312666926,0.007245671598641833,3.051106525209235e-06,0.2087583069216588,-0.15731573378544225,0.004701530632613276
327.59999999916516,-1.9589912684890185,2.00615087590784,1.0014079458029115,0.007306637978853843,0.0025052775666480637,1.5700087014646593,0.005987365730106831,-0.0004018384497612715,-0.005475838668644428,-2.0,2.0,1.0,1.57,-0.2,-0.15619712410676623,0.021857929298879718,-4.350732329627682e-06,0.20449584186585967,-0.1573192509796905,0.004638570650500627
327.79999999916043,-1.9542233038572858,2.0106247422313945,1.0022367853746021,0.005015166876038428,0.0004316776157975094,1.5705222245598311,0.0073612155392766,0.0028674867935478687,0.0010619551176205277,-2.0,2.0,1.0,1.57,0.2,0.05652871384592015,0.0002949401037411056,-0.000261112279915543,0.20220292533129866,-0.15731425502600166,0.0046370554257028195
327.9999999991557,-1.9586739967907918,2.016637163733085,1.0014125289676699,0.00036903094012850663,-0.003640684787707677,1.569730437269283,0.006606694310903549,0.006050095893442631,-0.001014757202938199,-2.0,2.0,1.0,1.57,0.0,0.1300754434220612,0.00823811881090798,0.00013478136535849394,0.20343226536124026,-0.1572895158735692,0.004600483397345727
328.199999999151,-1.9660557420200644,2.0199119095419538,1.0006265258292477,-0.005158907476194557,-0.00261071305258922,1.5703557867786755,0.003827617969363928,0.007927678525447845,-0.0016542195808142424,-2.0,2.0,1.0,1.57,-0.2,-0.14477852492305418,0.00458791476257583,-0.00017789338933771326,0.20658944527025488,-0.15733319096421025,0.004572684886614141
328.39999999914625,-1.972905090402582,2.0211662196110507,0.9989559476133181,0.006747309478500739,4.900534753069436e-05,1.5700789983856132,0.003542475402355194,0.008372269570827484,0.0028449539095163345,-2.0,2.0,1.0,1.57,-0.07007698137158155,0.027275649547294334,-0.00029249177803900234,-3.94991928065469e-05,0.21855961381264,-0.1573927295192066,0.00452944171414085
328.5999999991415,-1.9727566488700072,2.021250728770247,0.9978691337370595,9.250823336067219e-05,-0.00011941412929777228,1.5702293915140495,-0.0019072670256718993,-0.002173504326492548,0.00525898952037096,-2.0,2.0,1.0,1.57,-0.009000229189086044,0.01315054476888277,-0.0025586585239801753,-0.00011469575702471868,0.22166992280974596,-0.15745593751457893,0.004505780362670238
328.7999999991368,-1.9704473040023438,2.019653856619004,0.9994078529005124,0.00014921084528516396,-0.0005683765110353787,1.5697520879708302,-0.0014966251328587532,-0.0029241987504065037,0.0030717095360159874,-2.0,2.0,1.0,1.57,-0.012989480752989738,0.001188218589658264,-0.002147039743470333,0.000123956014584925,0.22313563916460918,-0.1575173103882772,0.004530523258751439
328.99999999913206,-1.9707862562949383,2.020683568504964,1.000960255410961,0.0011439898802769635,-0.0017520792013959291,1.569790998129255,0.007787439972162247,-0.002044157823547721,0.0009532138938084245,-2.0,2.0,1.0,1.57,-0.04710634079961099,0.08027727635835723,0.002634745479509134,0.00010450093537250904,0.22280138322400073,-0.1574955747089955,0.004528975453299123
329.19999999912733,-1.9719423522783746,2.024502758156299,1.0021749560840987,0.0036342979588417806,-0.0006830071116889754,1.570194057673567,-0.0004132466856390238,0.007784342393279076,0.0006498429575003684,-2.0,2.0,1.0,1.57,0.1026702587885617,-0.021408801109496015,0.005128880476963506,-9.702883678341934e-05,0.22236860690831875,-0.15744888881888197,0.004511065184578486
329.3999999991226,-1.9725626854934015,2.0251035906772534,1.0026022503619674,-0.00017181739159117173,-5.5989971375300145e-05,1.57013010442309,0.0017448777798563242,-0.0028805851470679045,0.0007535616750828922,-2.0,2.0,1.0,1.57,-0.0015859403758337436,0.021381846295731602,-0.0002265643638190264,-6.50522115449581e-05,0.22305821749385515,-0.15747814087542492,0.004484577637302893
329.59999999911787,-1.9695796509831216,2.0261854605524108,1.0049005463501202,-0.0025960079104342493,-0.0023939071603491396,1.5701522042701608,2.7309171855449677e-05,-0.0025335964746773243,0.005761119537055492,-2.0,2.0,1.0,1.57,0.0,0.020679721835812265,-0.005927431616675215,-7.610213508035812e-05,0.21394019456320615,-0.15749100448396328,0.004491258759250345
329.79999999911314,-1.9689486691164793,2.028922384401298,1.0049492784506313,-0.006263667095755223,0.00300055965904541,1.5703864281997288,0.003334260545670986,-0.0016690620686858892,0.0014526136219501495,-2.0,2.0,1.0,1.57,0.0,-0.021885621359594043,0.0036656199405060968,-0.00019321409986439164,0.21243699784702608,-0.157465491402032,0.004439618523620459
329.9999999991084,-1.9666612971372845,2.015896645763272,1.0047714509306584,-0.0026903059723647547,-0.0005086811778473222,1.5703631868861332,-0.046520233154296875,-0.01628793403506279,0.002429251093417406,-2.0,2.0,1.0,1.57,0.3254136328895033,0.16902863513778413,0.0021981989971582598,-0.00018159344306656333,0.21110954889378206,-0.15821985354960322,0.004395242588887486
330.1999999991037,-1.961620390747821,1.9925950150371108,1.0044165007098096,-0.004626964737564894,0.001995293035335303,1.570653858488577,-0.011132866144180298,-0.0052816905081272125,-0.00019977710326202214,-2.0,2.0,1.0,1.57,-0.2,0.0532965858222228,0.00478431725794534,-0.00032692924428845416,0.20794480850332842,-0.15823850579670182,0.004364014531751067
330.39999999909895,-1.962934832921401,1.9852797915031977,1.004706690908587,-0.007089979982044072,-0.000582785284079096,1.569356299717798,-0.0071547310799360275,0.0027748250868171453,-0.0007624323479831219,-2.0,2.0,1.0,1.57,0.2,-0.007480543033169501,0.005064498451138249,0.00032185014110097665,0.20755662763538923,-0.15797452572185353,0.004348270879633589
330.5999999990942,-1.9678534904192206,1.980605330911602,1.0046186214860375,-0.0005014297289020878,0.0061904437650427855,1.5692959728280917,0.001332227373495698,0.008157800883054733,0.003890829626470804,-2.0,2.0,1.0,1.57,-0.2,-0.050270720497008904,-0.0035622560489389048,0.00035201358595415844,0.20914180323674392,-0.15778331044405405,0.004331252077668166
330.7999999990895,-1.973032097941414,1.985935715053283,1.0029783430311345,0.0026823747333215354,-0.000722958216596143,1.5702486026932014,0.012539893388748169,0.004585695918649435,-0.001477265846915543,-2.0,2.0,1.0,1.57,-0.023858133369878742,0.03503376270296016,0.009032189975577382,-0.00012430134660068592,0.22069366452357517,-0.1574866193537588,0.004276586218844063
330.99999999908476,-1.975407083817435,1.992715007135475,1.0048919967566368,-3.3873013115249174e-05,-0.0009750636660130138,1.569812251977231,0.005168534815311432,0.002511108759790659,0.0022804834879934788,-2.0,2.0,1.0,1.57,-0.010675058566235051,-0.01462541157325178,-0.0006769604501220155,9.387401138449825e-05,0.22278670631754807,-0.1573168979935529,0.0043083501401522135
331.19999999908003,-1.9770080410090352,1.9955244259270548,1.0069294293051532,9.128284434621076e-05,-0.0006975221996451767,1.5699846085267926,0.002235358115285635,0.0013431600527837873,0.0035205029416829348,-2.0,2.0,1.0,1.57,-0.012291179402607162,-0.00946162223613163,-0.0030305613761529167,7.695736603752223e-06,0.22366964573932635,-0.15729462542962577,0.0043183957923935735
331.3999999990753,-1.9776397321128727,1.996727001802833,1.0089945238727465,0.0001135173576451552,-0.0006132698160781007,1.5700374639370653,0.0010593803599476814,0.0002133987727575004,0.0034768516197800636,-2.0,2.0,1.0,1.57,-0.013310074507737357,-0.007026795293323345,-0.0029066744374941604,-1.8731968532637033e-05,0.22389091758106466,-0.1573121795617203,0.004315575574034194
331.5999999990706,-1.9774388147714457,1.997298080458532,1.0110371365314463,0.00011291102753672669,-0.0005783927904933454,1.5700455518825283,0.0006088722147978842,-0.0006388272158801556,0.0034431694075465202,-2.0,2.0,1.0,1.57,-0.013832335708919705,-0.005681621590393068,-0.002857408261740909,-2.27759412640971e-05,0.22374792610667654,-0.1573344099689606,0.004305089638650282
331.79999999906585,-1.9766514328013818,1.9976326320059141,1.0130474839330272,0.00010644275032971326,-0.0005643115340630521,1.5700391299165208,0.0004466966784093529,-0.0012054193066433072,0.0034010792151093483,-2.0,2.0,1.0,1.57,-0.014092372319079952,-0.00500231933797887,-0.002814152041604513,-1.95649582603874e-05,0.22340361543158008,-0.15735219013362947,0.004290349431207662
331.9999999990611,-1.9754867182905764,1.997885038807868,1.0150212403916312,0.00010038658100995584,-0.0005589030591476213,1.5700297418335667,0.0003938850713893771,-0.0015588495880365372,0.0033558299764990807,-2.0,2.0,1.0,1.57,-0.014223419194667557,-0.004653438340719403,-0.002774634661850752,-1.487091678331609e-05,0.22294895430354716,-0.15736474898537303,0.004273342544160106
332.1999999990564,-1.9740908296155601,1.998112172647787,1.0169567739307557,9.607658197732354e-05,-0.0005570326210312816,1.5700212992097362,0.0003793385694734752,-0.0017716470174491405,0.003309552324935794,-2.0,2.0,1.0,1.57,-0.014290364511796775,-0.004468603454635416,-0.0027371336770508972,-1.0649604868073759e-05,0.22243544318851244,-0.15737339136496684,0.004255214956799947
332.39999999905166,-1.9725570369363898,1.998332888732458,1.018853695491856,9.337432755593035e-05,-0.0005565513228618674,1.570014752595063,0.00037618790520355105,-0.001897553214803338,0.00326323788613081,-2.0,2.0,1.0,1.57,-0.01432543644484132,-0.004364793891758674,-0.002700857494253879,-7.376297531447307e-06,0.22189250596729151,-0.15737951272375672,0.004236620515313626
332.59999999904693,-1.9709418456968646,1.9985521088411828,1.0207121887165118,9.181983958460194e-05,-0.0005565848519173544,1.5700100128517636,0.0003751048934645951,-0.0019718478433787823,0.0032173404470086098,-2.0,2.0,1.0,1.57,-0.014344580557542497,-0.004300598283833439,-0.002665429691243597,-5.0064258817483775e-06,0.22133703154577491,-0.1573841311385354,0.004217928487173484
332.7999999990422,-1.9704604418922274,1.99846432338377,1.0228633938021405,-0.0002799163994584194,0.004074132937924174,1.5700124115499587,0.0010975392069667578,0.00545856636017561,8.734179573366418e-05,-2.0,2.0,1.0,1.57,-0.0840687824259306,-0.04619870153304381,0.001658857782672823,-6.205774979339829e-06,0.2199270073187653,-0.15739445518096878,0.0042056127726478425
332.99999999903747,-1.9724719831056245,2.000542741999085,1.022193400314988,-0.0001454487687991379,-0.00018576634363954948,1.5698837060900823,0.0010474822483956814,0.0002533513761591166,0.006835336796939373,-2.0,2.0,1.0,1.57,0.007539000977090624,0.009127814403638995,-0.008250165803579476,5.81469549588709e-05,0.21985095453725076,-0.15736304437961637,0.004139331858463367
333.19999999903274,-1.971584064265521,2.0007994135524463,1.02416684029307,-0.00035096567813397124,-7.083432280866381e-05,1.569997670977154,-0.00017042149556800723,-0.001986835617572069,0.0030028726905584335,-2.0,2.0,1.0,1.57,0.0035236737222751847,0.013928740900685195,-0.0025143877724810512,1.1645114230685039e-06,0.21961378849614452,-0.15737931040931186,0.004143411649797109
333.399999999028,-1.9697985737980772,2.000570134984185,1.0260368969030618,-0.0025801043930698624,0.002452223636630151,1.5698303444548232,0.0007174228667281568,-0.0009031342342495918,0.00554049015045166,-2.0,2.0,1.0,1.57,0.0,0.012091754429754992,-0.005841006928316524,8.48277725884472e-05,0.21004196188697766,-0.15739724027769117,0.004138688270402022
333.5999999990233,-1.9725064368806773,1.9997375838573055,1.0269881982769111,-0.0005855365363924002,0.0005403302035013777,1.570310420177718,-0.0011423553805798292,-9.064149344339967e-05,0.0019312250660732388,-2.0,2.0,1.0,1.57,-0.014853408934786453,0.028493616676883302,-0.0012902369272550897,-0.00015521008885899246,0.21832049427434372,-0.15742249477837494,0.004112496563628829
